lot_id,species_common,scientific_name,lot_mass_kg,product_form,handling_scenario,prehistory_equivalent_ice_h,baseline_shelf_life_h,target_market_node_id,traceability_status,origin_node_id,min_temp_c,mean_temp_c,max_temp_c,time_above_4c_h,time_above_10c_h,time_above_15c_h,equivalent_ice_age_h,remaining_quality_window_h,logger_missing_intervals,eye_demerit_0_3,gill_demerit_0_3,odor_demerit_0_3,texture_demerit_0_3,mucus_demerit_0_3,belly_burst_flag,total_proxy_0_16,condition_status,risk_score_0_100,recommended_action,candidate_destination_node_id,rationale,human_override_required
PGB-LMR-0001,lemuru,Sardinella lemuru,317.0,whole_fresh,controlled_ice,0.0,168.0,N004,COMPLETE,N001,1.09,1.42,10.0,1.0,0.0,0.0,62.45,105.55,0,1.0,1.0,1.0,1.0,1.0,0,5.0,NORMAL,32.2,HOLD_CHILLED,N004,RSL 105.6 h; sensory 5/16; gaps 0,YES
PGB-LMR-0002,lemuru,Sardinella lemuru,454.0,whole_fresh,delayed_chilling_2h,0.0,168.0,N005,COMPLETE,N001,1.09,2.24,20.41,3.75,2.5,1.75,74.39,93.61,0,1.0,2.0,2.0,1.0,1.0,0,7.0,CHECK,43.2,RE_ICE_AND_ROUTE,N005,RSL 93.6 h; sensory 7/16; gaps 0,YES
PGB-LMR-0003,lemuru,Sardinella lemuru,591.0,whole_fresh,melted_ice,0.0,168.0,N007,COMPLETE,N001,1.09,6.12,11.1,29.0,14.5,0.0,131.74,36.26,0,2.0,3.0,3.0,2.0,2.0,0,12.0,POOR,73.9,DOMESTIC_CHILLED,N007,RSL 36.3 h; sensory 12/16; gaps 0,YES
PGB-LMR-0004,lemuru,Sardinella lemuru,728.0,whole_fresh,loading_excursion,0.0,168.0,N007,COMPLETE,N001,1.09,2.17,17.11,5.0,1.75,0.5,73.67,94.33,0,1.0,2.0,2.0,1.0,1.0,0,7.0,CHECK,42.4,RE_ICE_AND_ROUTE,N007,RSL 94.3 h; sensory 7/16; gaps 0,YES
PGB-LMR-0005,lemuru,Sardinella lemuru,865.0,whole_fresh,warm_auction_delay,0.0,168.0,N008,COMPLETE,N001,1.29,6.01,30.94,10.25,9.0,8.5,108.56,59.44,0,2.0,2.0,3.0,2.0,2.0,0,11.0,POOR,66.1,MANUAL_INSPECTION,N008,RSL 59.4 h; sensory 11/16; gaps 0,YES
PGB-LMR-0006,lemuru,Sardinella lemuru,1002.0,whole_fresh,reice_recovery,0.0,168.0,N002,PARTIAL,N001,0.89,2.76,21.88,6.75,3.75,2.5,81.97,86.03,0,1.0,2.0,2.0,1.0,1.0,0,7.0,CHECK,47.1,RE_ICE_AND_ROUTE,N002,RSL 86 h; sensory 7/16; gaps 0,YES
PGB-LMR-0007,lemuru,Sardinella lemuru,1139.0,frozen,logger_gap,0.0,168.0,N018,COMPLETE,N001,-18.1,-14.66,12.0,1.25,0.0,0.0,33.78,134.22,12,1.0,1.0,1.0,1.0,1.0,0,5.0,NORMAL,27.5,PROCESS_EXPORT_CANDIDATE,N018,RSL 134.2 h; sensory 5/16; gaps 12,YES
PGB-LMR-0008,lemuru,Sardinella lemuru,1276.0,frozen,freezer_transfer,0.0,168.0,N019,COMPLETE,N001,-18.1,-14.79,7.0,0.5,0.0,0.0,34.32,133.68,0,1.0,1.0,1.0,1.0,1.0,0,5.0,NORMAL,24.0,PROCESS_EXPORT_CANDIDATE,N019,RSL 133.7 h; sensory 5/16; gaps 0,YES
PGB-LMR-0009,lemuru,Sardinella lemuru,1413.0,processed,controlled_ice,0.0,168.0,N020,COMPLETE,N001,-18.1,-14.71,10.0,1.0,0.0,0.0,35.13,132.87,0,1.0,1.0,1.0,1.0,1.0,0,5.0,NORMAL,23.2,PROCESS_EXPORT_CANDIDATE,N020,RSL 132.9 h; sensory 5/16; gaps 0,YES
PGB-LMR-0010,lemuru,Sardinella lemuru,1550.0,whole_fresh,delayed_chilling_2h,0.0,168.0,N007,COMPLETE,N001,1.09,2.25,20.91,3.75,2.5,1.75,74.43,93.57,0,1.0,2.0,2.0,1.0,1.0,0,7.0,CHECK,43.2,RE_ICE_AND_ROUTE,N007,RSL 93.6 h; sensory 7/16; gaps 0,YES
PGB-LMR-0011,lemuru,Sardinella lemuru,1687.0,whole_fresh,melted_ice,0.0,168.0,N011,COMPLETE,N001,1.1,6.11,11.1,29.25,14.25,0.0,131.71,36.29,0,2.0,3.0,3.0,2.0,2.0,0,12.0,POOR,73.9,DOMESTIC_CHILLED,N011,RSL 36.3 h; sensory 12/16; gaps 0,YES
PGB-LMR-0012,lemuru,Sardinella lemuru,1824.0,whole_fresh,loading_excursion,0.0,168.0,N002,PARTIAL,N001,1.09,2.16,16.51,4.75,1.75,0.5,73.44,94.56,0,1.0,2.0,2.0,1.0,1.0,0,7.0,CHECK,42.4,RE_ICE_AND_ROUTE,N002,RSL 94.6 h; sensory 7/16; gaps 0,YES
PGB-LMR-0013,lemuru,Sardinella lemuru,1961.0,whole_fresh,warm_auction_delay,0.0,168.0,N004,COMPLETE,N001,1.29,6.07,31.18,10.25,9.0,8.5,108.55,59.45,0,2.0,2.0,3.0,2.0,2.0,0,11.0,POOR,66.1,MANUAL_INSPECTION,N004,RSL 59.4 h; sensory 11/16; gaps 0,YES
PGB-LMR-0014,lemuru,Sardinella lemuru,278.0,whole_fresh,reice_recovery,0.0,168.0,N005,COMPLETE,N001,0.89,2.96,23.86,7.0,4.25,3.25,83.45,84.55,0,1.0,2.0,2.0,1.0,1.0,0,7.0,CHECK,47.6,RE_ICE_AND_ROUTE,N005,RSL 84.5 h; sensory 7/16; gaps 0,YES
PGB-LMR-0015,lemuru,Sardinella lemuru,415.0,whole_fresh,logger_gap,0.0,168.0,N006,COMPLETE,N001,1.49,1.86,12.0,1.5,0.0,0.0,63.36,104.64,12,1.0,1.0,2.0,1.0,1.0,0,6.0,CHECK,39.4,MANUAL_INSPECTION,N006,RSL 104.6 h; sensory 6/16; gaps 12,YES
PGB-LMR-0016,lemuru,Sardinella lemuru,552.0,whole_fresh,freezer_transfer,0.0,168.0,N007,COMPLETE,N001,1.49,1.74,7.0,0.75,0.0,0.0,65.95,102.05,0,1.0,1.0,1.0,1.0,1.0,0,5.0,NORMAL,34.3,HOLD_CHILLED,N007,RSL 102.1 h; sensory 5/16; gaps 0,YES
PGB-LMR-0017,lemuru,Sardinella lemuru,689.0,frozen,controlled_ice,0.0,168.0,N018,COMPLETE,N001,-18.1,-14.71,10.0,1.0,0.0,0.0,35.19,132.81,0,1.0,1.0,1.0,1.0,1.0,0,5.0,NORMAL,23.3,PROCESS_EXPORT_CANDIDATE,N018,RSL 132.8 h; sensory 5/16; gaps 0,YES
PGB-LMR-0018,lemuru,Sardinella lemuru,826.0,frozen,delayed_chilling_2h,0.0,168.0,N019,PARTIAL,N001,-18.1,-14.63,13.0,1.25,0.25,0.0,36.06,131.94,0,1.0,1.0,1.0,1.0,1.0,0,5.0,NORMAL,26.2,PROCESS_EXPORT_CANDIDATE,N019,RSL 131.9 h; sensory 5/16; gaps 0,YES
PGB-LMR-0019,lemuru,Sardinella lemuru,963.0,processed,melted_ice,0.0,168.0,N020,COMPLETE,N001,-18.1,-14.76,8.0,0.75,0.0,0.0,34.62,133.38,0,1.0,1.0,1.0,1.0,1.0,0,5.0,NORMAL,26.8,PROCESS_EXPORT_CANDIDATE,N020,RSL 133.4 h; sensory 5/16; gaps 0,YES
PGB-LMR-0020,lemuru,Sardinella lemuru,1100.0,whole_fresh,loading_excursion,0.0,168.0,N005,COMPLETE,N001,1.09,2.14,16.31,5.0,1.75,0.5,73.15,94.85,0,1.0,2.0,2.0,1.0,1.0,0,7.0,CHECK,42.3,RE_ICE_AND_ROUTE,N005,RSL 94.8 h; sensory 7/16; gaps 0,YES
PGB-LMR-0021,lemuru,Sardinella lemuru,1237.0,whole_fresh,warm_auction_delay,0.0,168.0,N006,COMPLETE,N001,1.29,5.58,28.41,10.0,8.75,8.25,108.11,59.89,0,2.0,2.0,3.0,2.0,2.0,0,11.0,POOR,66.0,MANUAL_INSPECTION,N006,RSL 59.9 h; sensory 11/16; gaps 0,YES
PGB-LMR-0022,lemuru,Sardinella lemuru,1374.0,whole_fresh,reice_recovery,0.0,168.0,N007,COMPLETE,N001,0.89,2.91,23.34,7.0,4.0,3.0,83.06,84.94,0,1.0,2.0,2.0,1.0,1.0,0,7.0,CHECK,47.5,RE_ICE_AND_ROUTE,N007,RSL 84.9 h; sensory 7/16; gaps 0,YES
PGB-LMR-0023,lemuru,Sardinella lemuru,1511.0,whole_fresh,logger_gap,0.0,168.0,N008,COMPLETE,N001,1.49,1.86,12.0,1.5,0.0,0.0,63.24,104.76,12,1.0,1.0,2.0,1.0,1.0,0,6.0,CHECK,39.3,MANUAL_INSPECTION,N008,RSL 104.8 h; sensory 6/16; gaps 12,YES
PGB-LMR-0024,lemuru,Sardinella lemuru,1648.0,whole_fresh,freezer_transfer,0.0,168.0,N002,PARTIAL,N001,1.49,1.73,7.0,0.75,0.0,0.0,65.86,102.14,0,1.0,1.0,1.0,1.0,1.0,0,5.0,NORMAL,34.3,HOLD_CHILLED,N002,RSL 102.1 h; sensory 5/16; gaps 0,YES
PGB-LMR-0025,lemuru,Sardinella lemuru,1785.0,whole_fresh,controlled_ice,0.0,168.0,N004,COMPLETE,N001,1.09,1.42,10.0,1.0,0.0,0.0,62.37,105.63,0,1.0,1.0,1.0,1.0,1.0,0,5.0,NORMAL,32.2,HOLD_CHILLED,N004,RSL 105.6 h; sensory 5/16; gaps 0,YES
PGB-LMR-0026,lemuru,Sardinella lemuru,1922.0,whole_fresh,delayed_chilling_2h,0.0,168.0,N005,COMPLETE,N001,1.09,2.28,21.69,3.75,2.5,1.75,74.66,93.34,0,1.0,2.0,2.0,1.0,1.0,0,7.0,CHECK,43.3,RE_ICE_AND_ROUTE,N005,RSL 93.3 h; sensory 7/16; gaps 0,YES
PGB-LMR-0027,lemuru,Sardinella lemuru,239.0,frozen,melted_ice,0.0,168.0,N018,COMPLETE,N001,-18.1,-14.76,8.0,0.75,0.0,0.0,34.6,133.4,0,1.0,1.0,1.0,1.0,1.0,0,5.0,NORMAL,26.8,PROCESS_EXPORT_CANDIDATE,N018,RSL 133.4 h; sensory 5/16; gaps 0,YES
PGB-LMR-0028,lemuru,Sardinella lemuru,376.0,frozen,loading_excursion,0.0,168.0,N019,COMPLETE,N001,-18.1,-14.68,11.0,1.25,0.0,0.0,35.44,132.56,0,1.0,1.0,1.0,1.0,1.0,0,5.0,NORMAL,25.5,PROCESS_EXPORT_CANDIDATE,N019,RSL 132.6 h; sensory 5/16; gaps 0,YES
PGB-LMR-0029,lemuru,Sardinella lemuru,513.0,processed,warm_auction_delay,0.0,168.0,N020,COMPLETE,N001,-18.1,-14.6,14.0,1.5,0.25,0.0,36.35,131.65,0,1.0,1.0,1.0,1.0,1.0,0,5.0,NORMAL,29.3,PROCESS_EXPORT_CANDIDATE,N020,RSL 131.6 h; sensory 5/16; gaps 0,YES
PGB-LMR-0030,lemuru,Sardinella lemuru,650.0,whole_fresh,reice_recovery,0.0,168.0,N002,PARTIAL,N001,0.89,2.87,22.74,6.75,4.0,2.75,82.84,85.16,0,1.0,2.0,2.0,1.0,1.0,0,7.0,CHECK,47.4,RE_ICE_AND_ROUTE,N002,RSL 85.2 h; sensory 7/16; gaps 0,YES
PGB-LMR-0031,lemuru,Sardinella lemuru,787.0,whole_fresh,logger_gap,0.0,168.0,N004,COMPLETE,N001,1.49,1.86,12.0,1.5,0.0,0.0,63.35,104.65,12,1.0,1.0,2.0,1.0,1.0,0,6.0,CHECK,39.4,MANUAL_INSPECTION,N004,RSL 104.6 h; sensory 6/16; gaps 12,YES
PGB-LMR-0032,lemuru,Sardinella lemuru,924.0,whole_fresh,freezer_transfer,0.0,168.0,N005,COMPLETE,N001,1.49,1.74,7.0,0.75,0.0,0.0,65.94,102.06,0,1.0,1.0,1.0,1.0,1.0,0,5.0,NORMAL,34.3,HOLD_CHILLED,N005,RSL 102.1 h; sensory 5/16; gaps 0,YES
PGB-LMR-0033,lemuru,Sardinella lemuru,1061.0,whole_fresh,controlled_ice,0.0,168.0,N006,COMPLETE,N001,1.09,1.42,10.0,1.25,0.0,0.0,62.46,105.54,0,1.0,1.0,1.0,1.0,1.0,0,5.0,NORMAL,32.2,HOLD_CHILLED,N006,RSL 105.5 h; sensory 5/16; gaps 0,YES
PGB-LMR-0034,lemuru,Sardinella lemuru,1198.0,whole_fresh,delayed_chilling_2h,0.0,168.0,N007,COMPLETE,N001,1.09,2.31,22.02,3.75,2.5,1.75,74.85,93.15,0,1.0,2.0,2.0,1.0,1.0,0,7.0,CHECK,43.3,RE_ICE_AND_ROUTE,N007,RSL 93.1 h; sensory 7/16; gaps 0,YES
PGB-LMR-0035,lemuru,Sardinella lemuru,1335.0,whole_fresh,melted_ice,0.0,168.0,N011,COMPLETE,N001,1.09,6.12,11.1,29.0,14.5,0.0,131.78,36.22,0,2.0,3.0,3.0,2.0,2.0,0,12.0,POOR,73.9,DOMESTIC_CHILLED,N011,RSL 36.2 h; sensory 12/16; gaps 0,YES
PGB-LMR-0036,lemuru,Sardinella lemuru,1472.0,whole_fresh,loading_excursion,0.0,168.0,N002,PARTIAL,N001,1.09,2.24,18.38,5.0,1.75,0.75,74.58,93.42,0,1.0,2.0,2.0,1.0,1.0,0,7.0,CHECK,42.7,RE_ICE_AND_ROUTE,N002,RSL 93.4 h; sensory 7/16; gaps 0,YES
PGB-LMR-0037,lemuru,Sardinella lemuru,1609.0,frozen,warm_auction_delay,0.0,168.0,N018,COMPLETE,N001,-18.1,-14.6,14.0,1.5,0.25,0.0,36.34,131.66,0,1.0,1.0,1.0,1.0,1.0,0,5.0,NORMAL,29.3,PROCESS_EXPORT_CANDIDATE,N018,RSL 131.7 h; sensory 5/16; gaps 0,YES
PGB-LMR-0038,lemuru,Sardinella lemuru,1746.0,frozen,reice_recovery,0.0,168.0,N019,COMPLETE,N001,-18.1,-14.74,9.0,1.0,0.0,0.0,34.86,133.14,0,1.0,1.0,1.0,1.0,1.0,0,5.0,NORMAL,27.4,PROCESS_EXPORT_CANDIDATE,N019,RSL 133.1 h; sensory 5/16; gaps 0,YES
PGB-LMR-0039,lemuru,Sardinella lemuru,1883.0,processed,logger_gap,0.0,168.0,N020,COMPLETE,N001,-18.1,-14.66,12.0,1.25,0.0,0.0,33.79,134.21,12,1.0,1.0,1.0,1.0,1.0,0,5.0,NORMAL,27.5,PROCESS_EXPORT_CANDIDATE,N020,RSL 134.2 h; sensory 5/16; gaps 12,YES
PGB-LMR-0040,lemuru,Sardinella lemuru,200.0,whole_fresh,freezer_transfer,0.0,168.0,N007,COMPLETE,N001,1.49,1.73,7.0,0.75,0.0,0.0,65.87,102.13,0,1.0,1.0,1.0,1.0,1.0,0,5.0,NORMAL,34.3,HOLD_CHILLED,N007,RSL 102.1 h; sensory 5/16; gaps 0,YES
PGB-LMR-0041,lemuru,Sardinella lemuru,337.0,whole_fresh,controlled_ice,12.0,168.0,N008,COMPLETE,N001,1.09,1.42,10.0,1.0,0.0,0.0,74.37,93.63,0,1.0,2.0,2.0,1.0,1.0,0,7.0,CHECK,40.5,RE_ICE_AND_ROUTE,N008,RSL 93.6 h; sensory 7/16; gaps 0,YES
PGB-LMR-0042,lemuru,Sardinella lemuru,474.0,whole_fresh,delayed_chilling_2h,12.0,168.0,N002,PARTIAL,N001,1.09,2.22,20.07,3.75,2.5,1.75,86.21,81.79,0,2.0,2.0,2.0,2.0,1.0,0,9.0,CHECK,51.4,RE_ICE_AND_ROUTE,N002,RSL 81.8 h; sensory 9/16; gaps 0,YES
PGB-LMR-0043,lemuru,Sardinella lemuru,611.0,whole_fresh,melted_ice,12.0,168.0,N004,COMPLETE,N001,1.1,6.11,11.1,29.25,14.25,0.0,143.68,24.32,0,3.0,3.0,3.0,3.0,2.0,0,14.0,POOR,82.2,LOCAL_FRESH_ONLY,N004,RSL 24.3 h; sensory 14/16; gaps 0,YES
PGB-LMR-0044,lemuru,Sardinella lemuru,748.0,whole_fresh,loading_excursion,12.0,168.0,N005,COMPLETE,N001,1.09,2.21,17.88,5.0,1.75,0.75,86.27,81.73,0,2.0,2.0,2.0,2.0,1.0,0,9.0,CHECK,50.9,RE_ICE_AND_ROUTE,N005,RSL 81.7 h; sensory 9/16; gaps 0,YES
PGB-LMR-0045,lemuru,Sardinella lemuru,885.0,whole_fresh,warm_auction_delay,12.0,168.0,N006,COMPLETE,N001,1.29,5.84,30.31,10.25,9.0,8.5,120.42,47.58,0,2.0,2.0,3.0,2.0,2.0,0,11.0,POOR,70.0,MANUAL_INSPECTION,N006,RSL 47.6 h; sensory 11/16; gaps 0,YES
PGB-LMR-0046,lemuru,Sardinella lemuru,1022.0,whole_fresh,reice_recovery,12.0,168.0,N007,COMPLETE,N001,0.89,2.8,22.01,6.75,4.0,2.5,94.33,73.67,0,2.0,2.0,2.0,2.0,2.0,0,10.0,CHECK,57.8,RE_ICE_AND_ROUTE,N007,RSL 73.7 h; sensory 10/16; gaps 0,YES
PGB-LMR-0047,lemuru,Sardinella lemuru,1159.0,frozen,logger_gap,12.0,168.0,N018,COMPLETE,N001,-18.1,-14.65,12.0,1.25,0.0,0.0,45.84,122.16,12,1.0,1.0,1.0,1.0,1.0,0,5.0,NORMAL,31.4,PROCESS_EXPORT_CANDIDATE,N018,RSL 122.2 h; sensory 5/16; gaps 12,YES
PGB-LMR-0048,lemuru,Sardinella lemuru,1296.0,frozen,freezer_transfer,12.0,168.0,N019,PARTIAL,N001,-18.1,-14.79,7.0,0.75,0.0,0.0,46.38,121.62,0,1.0,1.0,1.0,1.0,1.0,0,5.0,NORMAL,27.9,PROCESS_EXPORT_CANDIDATE,N019,RSL 121.6 h; sensory 5/16; gaps 0,YES
PGB-LMR-0049,lemuru,Sardinella lemuru,1433.0,processed,controlled_ice,12.0,168.0,N020,COMPLETE,N001,-18.1,-14.71,10.0,1.0,0.0,0.0,47.19,120.81,0,1.0,1.0,1.0,1.0,1.0,0,5.0,NORMAL,27.2,PROCESS_EXPORT_CANDIDATE,N020,RSL 120.8 h; sensory 5/16; gaps 0,YES
PGB-LMR-0050,lemuru,Sardinella lemuru,1570.0,whole_fresh,delayed_chilling_2h,12.0,168.0,N005,COMPLETE,N001,1.09,2.23,20.24,3.75,2.5,1.75,86.31,81.69,0,2.0,2.0,2.0,2.0,1.0,0,9.0,CHECK,51.4,RE_ICE_AND_ROUTE,N005,RSL 81.7 h; sensory 9/16; gaps 0,YES
PGB-LMR-0051,lemuru,Sardinella lemuru,1707.0,whole_fresh,melted_ice,12.0,168.0,N006,COMPLETE,N001,1.1,6.12,11.1,29.0,14.5,0.0,143.79,24.21,0,3.0,3.0,3.0,3.0,2.0,0,14.0,POOR,82.2,LOCAL_FRESH_ONLY,N006,RSL 24.2 h; sensory 14/16; gaps 0,YES
PGB-LMR-0052,lemuru,Sardinella lemuru,1844.0,whole_fresh,loading_excursion,12.0,168.0,N007,COMPLETE,N001,1.09,2.2,17.47,5.0,1.75,0.5,86.05,81.95,0,2.0,2.0,2.0,2.0,1.0,0,9.0,CHECK,50.9,RE_ICE_AND_ROUTE,N007,RSL 81.9 h; sensory 9/16; gaps 0,YES
PGB-LMR-0053,lemuru,Sardinella lemuru,1981.0,whole_fresh,warm_auction_delay,12.0,168.0,N008,COMPLETE,N001,1.29,5.93,30.78,10.25,9.0,8.5,120.52,47.48,0,2.0,2.0,3.0,2.0,2.0,0,11.0,POOR,70.0,MANUAL_INSPECTION,N008,RSL 47.5 h; sensory 11/16; gaps 0,YES
PGB-LMR-0054,lemuru,Sardinella lemuru,298.0,whole_fresh,reice_recovery,12.0,168.0,N002,PARTIAL,N001,0.89,2.78,21.78,6.75,4.0,2.5,94.13,73.87,0,2.0,2.0,2.0,2.0,2.0,0,10.0,CHECK,57.7,RE_ICE_AND_ROUTE,N002,RSL 73.9 h; sensory 10/16; gaps 0,YES
PGB-LMR-0055,lemuru,Sardinella lemuru,435.0,whole_fresh,logger_gap,12.0,168.0,N004,COMPLETE,N001,1.49,1.86,12.0,1.5,0.0,0.0,75.28,92.72,12,1.0,2.0,2.0,1.0,1.0,0,7.0,CHECK,45.5,MANUAL_INSPECTION,N004,RSL 92.7 h; sensory 7/16; gaps 12,YES
PGB-LMR-0056,lemuru,Sardinella lemuru,572.0,whole_fresh,freezer_transfer,12.0,168.0,N005,COMPLETE,N001,1.49,1.73,7.0,0.75,0.0,0.0,77.88,90.12,0,1.0,2.0,2.0,1.0,1.0,0,7.0,CHECK,42.6,RE_ICE_AND_ROUTE,N005,RSL 90.1 h; sensory 7/16; gaps 0,YES
PGB-LMR-0057,lemuru,Sardinella lemuru,709.0,frozen,controlled_ice,12.0,168.0,N018,COMPLETE,N001,-18.1,-14.71,10.0,1.0,0.0,0.0,47.12,120.88,0,1.0,1.0,1.0,1.0,1.0,0,5.0,NORMAL,27.2,PROCESS_EXPORT_CANDIDATE,N018,RSL 120.9 h; sensory 5/16; gaps 0,YES
PGB-LMR-0058,lemuru,Sardinella lemuru,846.0,frozen,delayed_chilling_2h,12.0,168.0,N019,COMPLETE,N001,-18.1,-14.63,13.0,1.25,0.25,0.0,48.0,120.0,0,1.0,1.0,1.0,1.0,1.0,0,5.0,NORMAL,30.2,PROCESS_EXPORT_CANDIDATE,N019,RSL 120 h; sensory 5/16; gaps 0,YES
PGB-LMR-0059,lemuru,Sardinella lemuru,983.0,processed,melted_ice,12.0,168.0,N020,COMPLETE,N001,-18.1,-14.76,8.0,0.75,0.0,0.0,46.58,121.42,0,1.0,1.0,1.0,1.0,1.0,0,5.0,NORMAL,30.7,PROCESS_EXPORT_CANDIDATE,N020,RSL 121.4 h; sensory 5/16; gaps 0,YES
PGB-LMR-0060,lemuru,Sardinella lemuru,1120.0,whole_fresh,loading_excursion,12.0,168.0,N002,PARTIAL,N001,1.09,2.17,17.02,4.75,1.75,0.5,85.65,82.35,0,2.0,2.0,2.0,2.0,1.0,0,9.0,CHECK,50.7,RE_ICE_AND_ROUTE,N002,RSL 82.3 h; sensory 9/16; gaps 0,YES
PGB-LMR-0061,lemuru,Sardinella lemuru,1257.0,whole_fresh,warm_auction_delay,12.0,168.0,N004,COMPLETE,N001,1.29,6.01,30.97,10.25,9.0,8.5,120.54,47.46,0,2.0,2.0,3.0,2.0,2.0,0,11.0,POOR,70.0,MANUAL_INSPECTION,N004,RSL 47.5 h; sensory 11/16; gaps 0,YES
PGB-LMR-0062,lemuru,Sardinella lemuru,1394.0,whole_fresh,reice_recovery,12.0,168.0,N005,COMPLETE,N001,0.89,2.76,21.87,6.75,4.0,2.5,94.02,73.98,0,2.0,2.0,2.0,2.0,2.0,0,10.0,CHECK,57.7,RE_ICE_AND_ROUTE,N005,RSL 74 h; sensory 10/16; gaps 0,YES
PGB-LMR-0063,lemuru,Sardinella lemuru,1531.0,whole_fresh,logger_gap,12.0,168.0,N006,COMPLETE,N001,1.49,1.86,12.0,1.5,0.0,0.0,75.31,92.69,12,1.0,2.0,2.0,1.0,1.0,0,7.0,CHECK,45.5,MANUAL_INSPECTION,N006,RSL 92.7 h; sensory 7/16; gaps 12,YES
PGB-LMR-0064,lemuru,Sardinella lemuru,1668.0,whole_fresh,freezer_transfer,12.0,168.0,N007,COMPLETE,N001,1.49,1.74,7.0,0.75,0.0,0.0,77.92,90.08,0,1.0,2.0,2.0,1.0,1.0,0,7.0,CHECK,42.6,RE_ICE_AND_ROUTE,N007,RSL 90.1 h; sensory 7/16; gaps 0,YES
PGB-LMR-0065,lemuru,Sardinella lemuru,1805.0,whole_fresh,controlled_ice,12.0,168.0,N008,COMPLETE,N001,1.09,1.42,10.0,1.25,0.0,0.0,74.44,93.56,0,1.0,2.0,2.0,1.0,1.0,0,7.0,CHECK,40.5,RE_ICE_AND_ROUTE,N008,RSL 93.6 h; sensory 7/16; gaps 0,YES
PGB-LMR-0066,lemuru,Sardinella lemuru,1942.0,whole_fresh,delayed_chilling_2h,12.0,168.0,N002,PARTIAL,N001,1.09,2.26,20.88,3.75,2.5,1.75,86.48,81.52,0,2.0,2.0,2.0,2.0,1.0,0,9.0,CHECK,51.5,RE_ICE_AND_ROUTE,N002,RSL 81.5 h; sensory 9/16; gaps 0,YES
PGB-LMR-0067,lemuru,Sardinella lemuru,259.0,frozen,melted_ice,12.0,168.0,N018,COMPLETE,N001,-18.1,-14.76,8.0,0.75,0.0,0.0,46.64,121.36,0,1.0,1.0,1.0,1.0,1.0,0,5.0,NORMAL,30.7,PROCESS_EXPORT_CANDIDATE,N018,RSL 121.4 h; sensory 5/16; gaps 0,YES
PGB-LMR-0068,lemuru,Sardinella lemuru,396.0,frozen,loading_excursion,12.0,168.0,N019,COMPLETE,N001,-18.1,-14.68,11.0,1.25,0.0,0.0,47.47,120.53,0,1.0,1.0,1.0,1.0,1.0,0,5.0,NORMAL,29.5,PROCESS_EXPORT_CANDIDATE,N019,RSL 120.5 h; sensory 5/16; gaps 0,YES
PGB-LMR-0069,lemuru,Sardinella lemuru,533.0,processed,warm_auction_delay,12.0,168.0,N020,COMPLETE,N001,-18.1,-14.6,14.0,1.5,0.25,0.0,48.37,119.63,0,1.0,1.0,1.0,1.0,1.0,0,5.0,NORMAL,33.3,PROCESS_EXPORT_CANDIDATE,N020,RSL 119.6 h; sensory 5/16; gaps 0,YES
PGB-LMR-0070,lemuru,Sardinella lemuru,670.0,whole_fresh,reice_recovery,12.0,168.0,N007,COMPLETE,N001,0.89,2.96,23.84,7.0,4.25,3.0,95.41,72.59,0,2.0,2.0,2.0,2.0,2.0,0,10.0,CHECK,58.1,RE_ICE_AND_ROUTE,N007,RSL 72.6 h; sensory 10/16; gaps 0,YES
PGB-LMR-0071,lemuru,Sardinella lemuru,807.0,whole_fresh,logger_gap,12.0,168.0,N008,COMPLETE,N001,1.49,1.86,12.0,1.5,0.0,0.0,75.3,92.7,12,1.0,2.0,2.0,1.0,1.0,0,7.0,CHECK,45.5,MANUAL_INSPECTION,N008,RSL 92.7 h; sensory 7/16; gaps 12,YES
PGB-LMR-0072,lemuru,Sardinella lemuru,944.0,whole_fresh,freezer_transfer,12.0,168.0,N002,PARTIAL,N001,1.49,1.73,7.0,0.75,0.0,0.0,77.89,90.11,0,1.0,2.0,2.0,1.0,1.0,0,7.0,CHECK,42.6,RE_ICE_AND_ROUTE,N002,RSL 90.1 h; sensory 7/16; gaps 0,YES
PGB-LMR-0073,lemuru,Sardinella lemuru,1081.0,whole_fresh,controlled_ice,12.0,168.0,N004,COMPLETE,N001,1.09,1.42,10.0,1.0,0.0,0.0,74.38,93.62,0,1.0,2.0,2.0,1.0,1.0,0,7.0,CHECK,40.5,RE_ICE_AND_ROUTE,N004,RSL 93.6 h; sensory 7/16; gaps 0,YES
PGB-LMR-0074,lemuru,Sardinella lemuru,1218.0,whole_fresh,delayed_chilling_2h,12.0,168.0,N005,COMPLETE,N001,1.09,2.27,21.16,3.75,2.5,1.75,86.56,81.44,0,2.0,2.0,2.0,2.0,1.0,0,9.0,CHECK,51.5,RE_ICE_AND_ROUTE,N005,RSL 81.4 h; sensory 9/16; gaps 0,YES
PGB-LMR-0075,lemuru,Sardinella lemuru,1355.0,whole_fresh,melted_ice,12.0,168.0,N006,COMPLETE,N001,1.1,6.11,11.1,29.25,14.5,0.0,143.67,24.33,0,3.0,3.0,3.0,3.0,2.0,0,14.0,POOR,82.2,LOCAL_FRESH_ONLY,N006,RSL 24.3 h; sensory 14/16; gaps 0,YES
PGB-LMR-0076,lemuru,Sardinella lemuru,1492.0,whole_fresh,loading_excursion,12.0,168.0,N007,COMPLETE,N001,1.09,2.13,16.28,4.75,1.75,0.5,85.1,82.9,0,2.0,2.0,2.0,2.0,1.0,0,9.0,CHECK,50.5,RE_ICE_AND_ROUTE,N007,RSL 82.9 h; sensory 9/16; gaps 0,YES
PGB-LMR-0077,lemuru,Sardinella lemuru,1629.0,frozen,warm_auction_delay,12.0,168.0,N018,COMPLETE,N001,-18.1,-14.6,14.0,1.5,0.25,0.0,48.32,119.68,0,1.0,1.0,1.0,1.0,1.0,0,5.0,NORMAL,33.3,PROCESS_EXPORT_CANDIDATE,N018,RSL 119.7 h; sensory 5/16; gaps 0,YES
PGB-LMR-0078,lemuru,Sardinella lemuru,1766.0,frozen,reice_recovery,12.0,168.0,N019,PARTIAL,N001,-18.1,-14.74,9.0,1.0,0.0,0.0,46.86,121.14,0,1.0,1.0,1.0,1.0,1.0,0,5.0,NORMAL,31.3,PROCESS_EXPORT_CANDIDATE,N019,RSL 121.1 h; sensory 5/16; gaps 0,YES
PGB-LMR-0079,lemuru,Sardinella lemuru,1903.0,processed,logger_gap,12.0,168.0,N020,COMPLETE,N001,-18.1,-14.66,12.0,1.25,0.0,0.0,45.81,122.19,12,1.0,1.0,1.0,1.0,1.0,0,5.0,NORMAL,31.4,PROCESS_EXPORT_CANDIDATE,N020,RSL 122.2 h; sensory 5/16; gaps 12,YES
PGB-LMR-0080,lemuru,Sardinella lemuru,220.0,whole_fresh,freezer_transfer,12.0,168.0,N005,COMPLETE,N001,1.49,1.73,7.0,0.75,0.0,0.0,77.91,90.09,0,1.0,2.0,2.0,1.0,1.0,0,7.0,CHECK,42.6,RE_ICE_AND_ROUTE,N005,RSL 90.1 h; sensory 7/16; gaps 0,YES
PGB-LMR-0081,lemuru,Sardinella lemuru,357.0,whole_fresh,controlled_ice,24.0,168.0,N006,COMPLETE,N001,1.09,1.42,10.0,1.25,0.0,0.0,86.43,81.57,0,2.0,2.0,2.0,2.0,1.0,0,9.0,CHECK,48.8,RE_ICE_AND_ROUTE,N006,RSL 81.6 h; sensory 9/16; gaps 0,YES
PGB-LMR-0082,lemuru,Sardinella lemuru,494.0,whole_fresh,delayed_chilling_2h,24.0,168.0,N007,COMPLETE,N001,1.09,2.29,21.71,3.75,2.5,1.75,98.7,69.3,0,2.0,2.0,2.0,2.0,2.0,0,10.0,CHECK,57.7,RE_ICE_AND_ROUTE,N007,RSL 69.3 h; sensory 10/16; gaps 0,YES
PGB-LMR-0083,lemuru,Sardinella lemuru,631.0,whole_fresh,melted_ice,24.0,168.0,N008,COMPLETE,N001,1.1,6.12,11.1,29.0,14.5,0.0,155.78,12.22,0,3.0,3.0,3.0,3.0,3.0,0,15.0,POOR,88.3,LOCAL_FRESH_ONLY,N008,RSL 12.2 h; sensory 15/16; gaps 0,YES
PGB-LMR-0084,lemuru,Sardinella lemuru,768.0,whole_fresh,loading_excursion,24.0,168.0,N002,PARTIAL,N001,1.09,2.25,18.63,5.0,1.75,1.0,98.83,69.17,0,2.0,2.0,2.0,2.0,2.0,0,10.0,CHECK,57.2,RE_ICE_AND_ROUTE,N002,RSL 69.2 h; sensory 10/16; gaps 0,YES
PGB-LMR-0085,lemuru,Sardinella lemuru,905.0,whole_fresh,warm_auction_delay,24.0,168.0,N004,COMPLETE,N001,1.29,5.67,29.23,10.25,8.75,8.5,132.24,35.76,0,2.0,3.0,3.0,2.0,2.0,0,12.0,POOR,76.0,MANUAL_INSPECTION,N004,RSL 35.8 h; sensory 12/16; gaps 0,YES
PGB-LMR-0086,lemuru,Sardinella lemuru,1042.0,whole_fresh,reice_recovery,24.0,168.0,N005,COMPLETE,N001,0.89,2.87,22.67,7.0,4.0,2.75,106.86,61.14,0,2.0,2.0,2.0,2.0,2.0,0,10.0,CHECK,61.9,RE_ICE_AND_ROUTE,N005,RSL 61.1 h; sensory 10/16; gaps 0,YES
PGB-LMR-0087,lemuru,Sardinella lemuru,1179.0,frozen,logger_gap,24.0,168.0,N018,COMPLETE,N001,-18.1,-14.66,12.0,1.25,0.0,0.0,57.82,110.18,12,1.0,1.0,1.0,1.0,1.0,0,5.0,NORMAL,35.4,PROCESS_EXPORT_CANDIDATE,N018,RSL 110.2 h; sensory 5/16; gaps 12,YES
PGB-LMR-0088,lemuru,Sardinella lemuru,1316.0,frozen,freezer_transfer,24.0,168.0,N019,COMPLETE,N001,-18.1,-14.79,7.0,0.75,0.0,0.0,58.35,109.65,0,1.0,1.0,1.0,1.0,1.0,0,5.0,NORMAL,31.8,PROCESS_EXPORT_CANDIDATE,N019,RSL 109.7 h; sensory 5/16; gaps 0,YES
PGB-LMR-0089,lemuru,Sardinella lemuru,1453.0,processed,controlled_ice,24.0,168.0,N020,COMPLETE,N001,-18.1,-14.71,10.0,1.0,0.0,0.0,59.14,108.86,0,1.0,1.0,1.0,1.0,1.0,0,5.0,NORMAL,31.1,PROCESS_EXPORT_CANDIDATE,N020,RSL 108.9 h; sensory 5/16; gaps 0,YES
PGB-LMR-0090,lemuru,Sardinella lemuru,1590.0,whole_fresh,delayed_chilling_2h,24.0,168.0,N002,PARTIAL,N001,1.09,2.3,21.96,3.75,2.5,1.75,98.82,69.18,0,2.0,2.0,2.0,2.0,2.0,0,10.0,CHECK,57.7,RE_ICE_AND_ROUTE,N002,RSL 69.2 h; sensory 10/16; gaps 0,YES
PGB-LMR-0091,lemuru,Sardinella lemuru,1727.0,whole_fresh,melted_ice,24.0,168.0,N004,COMPLETE,N001,1.09,6.11,11.1,29.25,14.5,0.0,155.68,12.32,0,3.0,3.0,3.0,3.0,3.0,0,15.0,POOR,88.3,LOCAL_FRESH_ONLY,N004,RSL 12.3 h; sensory 15/16; gaps 0,YES
PGB-LMR-0092,lemuru,Sardinella lemuru,1864.0,whole_fresh,loading_excursion,24.0,168.0,N005,COMPLETE,N001,1.09,2.23,18.4,5.0,1.75,0.75,98.47,69.53,0,2.0,2.0,2.0,2.0,2.0,0,10.0,CHECK,57.1,RE_ICE_AND_ROUTE,N005,RSL 69.5 h; sensory 10/16; gaps 0,YES
PGB-LMR-0093,lemuru,Sardinella lemuru,181.0,whole_fresh,warm_auction_delay,24.0,168.0,N006,COMPLETE,N001,1.29,5.75,29.67,10.25,9.0,8.5,132.34,35.66,0,2.0,3.0,3.0,2.0,2.0,0,12.0,POOR,76.1,MANUAL_INSPECTION,N006,RSL 35.7 h; sensory 12/16; gaps 0,YES
PGB-LMR-0094,lemuru,Sardinella lemuru,318.0,whole_fresh,reice_recovery,24.0,168.0,N007,COMPLETE,N001,0.89,2.82,22.41,6.75,4.0,2.75,106.47,61.53,0,2.0,2.0,2.0,2.0,2.0,0,10.0,CHECK,61.7,RE_ICE_AND_ROUTE,N007,RSL 61.5 h; sensory 10/16; gaps 0,YES
PGB-LMR-0095,lemuru,Sardinella lemuru,455.0,whole_fresh,logger_gap,24.0,168.0,N008,COMPLETE,N001,1.49,1.86,12.0,1.5,0.0,0.0,87.27,80.73,12,2.0,2.0,2.0,2.0,1.0,0,9.0,CHECK,53.8,MANUAL_INSPECTION,N008,RSL 80.7 h; sensory 9/16; gaps 12,YES
PGB-LMR-0096,lemuru,Sardinella lemuru,592.0,whole_fresh,freezer_transfer,24.0,168.0,N002,PARTIAL,N001,1.49,1.73,7.0,0.75,0.0,0.0,89.89,78.11,0,2.0,2.0,2.0,2.0,1.0,0,9.0,CHECK,50.9,RE_ICE_AND_ROUTE,N002,RSL 78.1 h; sensory 9/16; gaps 0,YES
PGB-LMR-0097,lemuru,Sardinella lemuru,729.0,frozen,controlled_ice,24.0,168.0,N018,COMPLETE,N001,-18.1,-14.71,10.0,1.0,0.0,0.0,59.17,108.83,0,1.0,1.0,1.0,1.0,1.0,0,5.0,NORMAL,31.1,PROCESS_EXPORT_CANDIDATE,N018,RSL 108.8 h; sensory 5/16; gaps 0,YES
PGB-LMR-0098,lemuru,Sardinella lemuru,866.0,frozen,delayed_chilling_2h,24.0,168.0,N019,COMPLETE,N001,-18.1,-14.63,13.0,1.5,0.25,0.0,60.06,107.94,0,1.0,1.0,1.0,1.0,1.0,0,5.0,NORMAL,34.1,PROCESS_EXPORT_CANDIDATE,N019,RSL 107.9 h; sensory 5/16; gaps 0,YES
PGB-LMR-0099,lemuru,Sardinella lemuru,1003.0,processed,melted_ice,24.0,168.0,N020,COMPLETE,N001,-18.1,-14.76,8.0,0.75,0.0,0.0,58.64,109.36,0,1.0,1.0,1.0,1.0,1.0,0,5.0,NORMAL,34.6,PROCESS_EXPORT_CANDIDATE,N020,RSL 109.4 h; sensory 5/16; gaps 0,YES
PGB-LMR-0100,lemuru,Sardinella lemuru,1140.0,whole_fresh,loading_excursion,24.0,168.0,N007,COMPLETE,N001,1.09,2.22,17.83,5.0,1.75,0.75,98.39,69.61,0,2.0,2.0,2.0,2.0,2.0,0,10.0,CHECK,57.1,RE_ICE_AND_ROUTE,N007,RSL 69.6 h; sensory 10/16; gaps 0,YES
PGB-LMR-0101,lemuru,Sardinella lemuru,1277.0,whole_fresh,warm_auction_delay,24.0,168.0,N008,COMPLETE,N001,1.29,5.85,30.43,10.25,9.0,8.5,132.44,35.56,0,2.0,3.0,3.0,2.0,2.0,0,12.0,POOR,76.1,MANUAL_INSPECTION,N008,RSL 35.6 h; sensory 12/16; gaps 0,YES
PGB-LMR-0102,lemuru,Sardinella lemuru,1414.0,whole_fresh,reice_recovery,24.0,168.0,N002,PARTIAL,N001,0.89,2.8,21.89,6.75,4.0,2.5,106.37,61.63,0,2.0,2.0,2.0,2.0,2.0,0,10.0,CHECK,61.7,RE_ICE_AND_ROUTE,N002,RSL 61.6 h; sensory 10/16; gaps 0,YES
PGB-LMR-0103,lemuru,Sardinella lemuru,1551.0,whole_fresh,logger_gap,24.0,168.0,N004,COMPLETE,N001,1.49,1.86,12.0,1.5,0.0,0.0,87.34,80.66,12,2.0,2.0,2.0,2.0,1.0,0,9.0,CHECK,53.8,MANUAL_INSPECTION,N004,RSL 80.7 h; sensory 9/16; gaps 12,YES
PGB-LMR-0104,lemuru,Sardinella lemuru,1688.0,whole_fresh,freezer_transfer,24.0,168.0,N005,COMPLETE,N001,1.49,1.74,7.0,0.75,0.0,0.0,89.92,78.08,0,2.0,2.0,2.0,2.0,1.0,0,9.0,CHECK,50.9,RE_ICE_AND_ROUTE,N005,RSL 78.1 h; sensory 9/16; gaps 0,YES
PGB-LMR-0105,lemuru,Sardinella lemuru,1825.0,whole_fresh,controlled_ice,24.0,168.0,N006,COMPLETE,N001,1.09,1.42,10.0,1.0,0.0,0.0,86.41,81.59,0,2.0,2.0,2.0,2.0,1.0,0,9.0,CHECK,48.8,RE_ICE_AND_ROUTE,N006,RSL 81.6 h; sensory 9/16; gaps 0,YES
PGB-LMR-0106,lemuru,Sardinella lemuru,1962.0,whole_fresh,delayed_chilling_2h,24.0,168.0,N007,COMPLETE,N001,1.09,2.23,20.13,3.75,2.5,1.75,98.3,69.7,0,2.0,2.0,2.0,2.0,2.0,0,10.0,CHECK,57.6,RE_ICE_AND_ROUTE,N007,RSL 69.7 h; sensory 10/16; gaps 0,YES
PGB-LMR-0107,lemuru,Sardinella lemuru,279.0,frozen,melted_ice,24.0,168.0,N018,COMPLETE,N001,-18.1,-14.76,8.0,0.75,0.0,0.0,58.58,109.42,0,1.0,1.0,1.0,1.0,1.0,0,5.0,NORMAL,34.6,PROCESS_EXPORT_CANDIDATE,N018,RSL 109.4 h; sensory 5/16; gaps 0,YES
PGB-LMR-0108,lemuru,Sardinella lemuru,416.0,frozen,loading_excursion,24.0,168.0,N019,PARTIAL,N001,-18.1,-14.68,11.0,1.0,0.0,0.0,59.41,108.59,0,1.0,1.0,1.0,1.0,1.0,0,5.0,NORMAL,33.4,PROCESS_EXPORT_CANDIDATE,N019,RSL 108.6 h; sensory 5/16; gaps 0,YES
PGB-LMR-0109,lemuru,Sardinella lemuru,553.0,processed,warm_auction_delay,24.0,168.0,N020,COMPLETE,N001,-18.1,-14.6,14.0,1.5,0.25,0.0,60.31,107.69,0,1.0,1.0,2.0,1.0,1.0,0,6.0,CHECK,39.4,PROCESS_EXPORT_CANDIDATE,N020,RSL 107.7 h; sensory 6/16; gaps 0,YES
PGB-LMR-0110,lemuru,Sardinella lemuru,690.0,whole_fresh,reice_recovery,24.0,168.0,N005,COMPLETE,N001,0.89,2.77,21.92,6.75,4.0,2.5,106.07,61.93,0,2.0,2.0,2.0,2.0,2.0,0,10.0,CHECK,61.6,RE_ICE_AND_ROUTE,N005,RSL 61.9 h; sensory 10/16; gaps 0,YES
PGB-LMR-0111,lemuru,Sardinella lemuru,827.0,whole_fresh,logger_gap,24.0,168.0,N006,COMPLETE,N001,1.49,1.86,12.0,1.5,0.0,0.0,87.25,80.75,12,2.0,2.0,2.0,2.0,1.0,0,9.0,CHECK,53.8,MANUAL_INSPECTION,N006,RSL 80.7 h; sensory 9/16; gaps 12,YES
PGB-LMR-0112,lemuru,Sardinella lemuru,964.0,whole_fresh,freezer_transfer,24.0,168.0,N007,COMPLETE,N001,1.49,1.73,7.0,0.75,0.0,0.0,89.88,78.12,0,2.0,2.0,2.0,2.0,1.0,0,9.0,CHECK,50.9,RE_ICE_AND_ROUTE,N007,RSL 78.1 h; sensory 9/16; gaps 0,YES
PGB-LMR-0113,lemuru,Sardinella lemuru,1101.0,whole_fresh,controlled_ice,24.0,168.0,N008,COMPLETE,N001,1.09,1.42,10.0,1.0,0.0,0.0,86.4,81.6,0,2.0,2.0,2.0,2.0,1.0,0,9.0,CHECK,48.8,RE_ICE_AND_ROUTE,N008,RSL 81.6 h; sensory 9/16; gaps 0,YES
PGB-LMR-0114,lemuru,Sardinella lemuru,1238.0,whole_fresh,delayed_chilling_2h,24.0,168.0,N002,PARTIAL,N001,1.09,2.24,20.6,3.75,2.5,1.75,98.35,69.65,0,2.0,2.0,2.0,2.0,2.0,0,10.0,CHECK,57.6,RE_ICE_AND_ROUTE,N002,RSL 69.7 h; sensory 10/16; gaps 0,YES
PGB-LMR-0115,lemuru,Sardinella lemuru,1375.0,whole_fresh,melted_ice,24.0,168.0,N004,COMPLETE,N001,1.1,6.12,11.1,28.75,14.25,0.0,155.75,12.25,0,3.0,3.0,3.0,3.0,3.0,0,15.0,POOR,88.3,LOCAL_FRESH_ONLY,N004,RSL 12.2 h; sensory 15/16; gaps 0,YES
PGB-LMR-0116,lemuru,Sardinella lemuru,1512.0,whole_fresh,loading_excursion,24.0,168.0,N005,COMPLETE,N001,1.09,2.18,16.91,5.0,1.75,0.5,97.77,70.23,0,2.0,2.0,2.0,2.0,2.0,0,10.0,CHECK,56.9,RE_ICE_AND_ROUTE,N005,RSL 70.2 h; sensory 10/16; gaps 0,YES
PGB-LMR-0117,lemuru,Sardinella lemuru,1649.0,frozen,warm_auction_delay,24.0,168.0,N018,COMPLETE,N001,-18.1,-14.6,14.0,1.5,0.25,0.0,60.38,107.62,0,1.0,1.0,2.0,1.0,1.0,0,6.0,CHECK,39.4,PROCESS_EXPORT_CANDIDATE,N018,RSL 107.6 h; sensory 6/16; gaps 0,YES
PGB-LMR-0118,lemuru,Sardinella lemuru,1786.0,frozen,reice_recovery,24.0,168.0,N019,COMPLETE,N001,-18.1,-14.73,9.0,1.0,0.0,0.0,58.91,109.09,0,1.0,1.0,1.0,1.0,1.0,0,5.0,NORMAL,35.2,PROCESS_EXPORT_CANDIDATE,N019,RSL 109.1 h; sensory 5/16; gaps 0,YES
PGB-LMR-0119,lemuru,Sardinella lemuru,1923.0,processed,logger_gap,24.0,168.0,N020,COMPLETE,N001,-18.1,-14.65,12.0,1.25,0.0,0.0,57.85,110.15,12,1.0,1.0,1.0,1.0,1.0,0,5.0,NORMAL,35.4,PROCESS_EXPORT_CANDIDATE,N020,RSL 110.2 h; sensory 5/16; gaps 12,YES
PGB-LMR-0120,lemuru,Sardinella lemuru,240.0,whole_fresh,freezer_transfer,24.0,168.0,N002,PARTIAL,N001,1.49,1.74,7.0,0.75,0.0,0.0,89.93,78.07,0,2.0,2.0,2.0,2.0,1.0,0,9.0,CHECK,50.9,RE_ICE_AND_ROUTE,N002,RSL 78.1 h; sensory 9/16; gaps 0,YES
PGB-LMR-0121,lemuru,Sardinella lemuru,377.0,whole_fresh,controlled_ice,36.0,168.0,N004,COMPLETE,N001,1.09,1.42,10.0,1.0,0.0,0.0,98.43,69.57,0,2.0,2.0,2.0,2.0,2.0,0,10.0,CHECK,54.9,RE_ICE_AND_ROUTE,N004,RSL 69.6 h; sensory 10/16; gaps 0,YES
PGB-LMR-0122,lemuru,Sardinella lemuru,514.0,whole_fresh,delayed_chilling_2h,36.0,168.0,N006,COMPLETE,N001,1.09,2.25,20.73,3.75,2.5,1.75,110.48,57.52,0,2.0,2.0,2.0,2.0,2.0,0,10.0,CHECK,61.5,DOMESTIC_CHILLED,N006,RSL 57.5 h; sensory 10/16; gaps 0,YES
PGB-LMR-0123,lemuru,Sardinella lemuru,651.0,whole_fresh,melted_ice,36.0,168.0,N006,COMPLETE,N001,1.09,6.11,11.1,29.0,14.75,0.0,167.72,0.28,0,3.0,3.0,3.0,3.0,3.0,0,15.0,POOR,92.2,PROCESS_IMMEDIATELY,N006,RSL 0.3 h; sensory 15/16; gaps 0,YES
PGB-LMR-0124,lemuru,Sardinella lemuru,788.0,whole_fresh,loading_excursion,36.0,168.0,N008,COMPLETE,N001,1.09,2.15,16.7,5.0,1.75,0.5,109.36,58.64,0,2.0,2.0,2.0,2.0,2.0,0,10.0,CHECK,60.7,DOMESTIC_CHILLED,N008,RSL 58.6 h; sensory 10/16; gaps 0,YES
PGB-LMR-0125,lemuru,Sardinella lemuru,925.0,whole_fresh,warm_auction_delay,36.0,168.0,N008,COMPLETE,N001,1.29,6.07,31.02,10.25,9.0,8.5,144.58,23.42,0,3.0,3.0,3.0,3.0,2.0,0,14.0,POOR,84.5,MANUAL_INSPECTION,N008,RSL 23.4 h; sensory 14/16; gaps 0,YES
PGB-LMR-0126,lemuru,Sardinella lemuru,1062.0,whole_fresh,reice_recovery,36.0,168.0,N004,PARTIAL,N001,0.89,2.95,24.0,6.75,4.0,3.25,119.3,48.7,0,2.0,2.0,3.0,2.0,2.0,0,11.0,POOR,68.1,DOMESTIC_CHILLED,N004,RSL 48.7 h; sensory 11/16; gaps 0,YES
PGB-LMR-0127,lemuru,Sardinella lemuru,1199.0,frozen,logger_gap,36.0,168.0,N018,COMPLETE,N001,-18.1,-14.66,12.0,1.25,0.0,0.0,69.78,98.22,12,1.0,2.0,2.0,1.0,1.0,0,7.0,CHECK,43.7,PROCESS_EXPORT_CANDIDATE,N018,RSL 98.2 h; sensory 7/16; gaps 12,YES
PGB-LMR-0128,lemuru,Sardinella lemuru,1336.0,frozen,freezer_transfer,36.0,168.0,N019,COMPLETE,N001,-18.1,-14.79,7.0,0.5,0.0,0.0,70.33,97.67,0,1.0,2.0,2.0,1.0,1.0,0,7.0,CHECK,40.1,PROCESS_EXPORT_CANDIDATE,N019,RSL 97.7 h; sensory 7/16; gaps 0,YES
PGB-LMR-0129,lemuru,Sardinella lemuru,1473.0,processed,controlled_ice,36.0,168.0,N020,COMPLETE,N001,-18.1,-14.71,10.0,1.0,0.0,0.0,71.14,96.86,0,1.0,2.0,2.0,1.0,1.0,0,7.0,CHECK,39.4,PROCESS_EXPORT_CANDIDATE,N020,RSL 96.9 h; sensory 7/16; gaps 0,YES
PGB-LMR-0130,lemuru,Sardinella lemuru,1610.0,whole_fresh,delayed_chilling_2h,36.0,168.0,N008,COMPLETE,N001,1.09,2.27,21.32,3.75,2.5,1.75,110.55,57.45,0,2.0,2.0,2.0,2.0,2.0,0,10.0,CHECK,61.6,DOMESTIC_CHILLED,N008,RSL 57.5 h; sensory 10/16; gaps 0,YES
PGB-LMR-0131,lemuru,Sardinella lemuru,1747.0,whole_fresh,melted_ice,36.0,168.0,N008,COMPLETE,N001,1.09,6.11,11.1,29.0,14.25,0.0,167.73,0.27,0,3.0,3.0,3.0,3.0,3.0,0,15.0,POOR,92.2,PROCESS_IMMEDIATELY,N008,RSL 0.3 h; sensory 15/16; gaps 0,YES
PGB-LMR-0132,lemuru,Sardinella lemuru,1884.0,whole_fresh,loading_excursion,36.0,168.0,N004,PARTIAL,N001,1.09,2.14,16.13,4.75,1.75,0.25,109.21,58.79,0,2.0,2.0,2.0,2.0,2.0,0,10.0,CHECK,60.6,DOMESTIC_CHILLED,N004,RSL 58.8 h; sensory 10/16; gaps 0,YES
PGB-LMR-0133,lemuru,Sardinella lemuru,201.0,whole_fresh,warm_auction_delay,36.0,168.0,N004,COMPLETE,N001,1.29,5.59,28.55,10.25,8.75,8.25,144.09,23.91,0,3.0,3.0,3.0,3.0,2.0,0,14.0,POOR,84.3,MANUAL_INSPECTION,N004,RSL 23.9 h; sensory 14/16; gaps 0,YES
PGB-LMR-0134,lemuru,Sardinella lemuru,338.0,whole_fresh,reice_recovery,36.0,168.0,N006,COMPLETE,N001,0.89,2.92,23.22,6.75,4.0,2.75,119.19,48.81,0,2.0,2.0,3.0,2.0,2.0,0,11.0,POOR,68.1,DOMESTIC_CHILLED,N006,RSL 48.8 h; sensory 11/16; gaps 0,YES
PGB-LMR-0135,lemuru,Sardinella lemuru,475.0,whole_fresh,logger_gap,36.0,168.0,N006,COMPLETE,N001,1.49,1.86,12.0,1.5,0.0,0.0,99.36,68.64,12,2.0,2.0,2.0,2.0,2.0,0,10.0,CHECK,59.9,MANUAL_INSPECTION,N006,RSL 68.6 h; sensory 10/16; gaps 12,YES
PGB-LMR-0136,lemuru,Sardinella lemuru,612.0,whole_fresh,freezer_transfer,36.0,168.0,N007,COMPLETE,N001,1.49,1.74,7.0,0.75,0.0,0.0,101.94,66.06,0,2.0,2.0,2.0,2.0,2.0,0,10.0,CHECK,57.0,RE_ICE_AND_ROUTE,N007,RSL 66.1 h; sensory 10/16; gaps 0,YES
PGB-LMR-0137,lemuru,Sardinella lemuru,749.0,frozen,controlled_ice,36.0,168.0,N018,COMPLETE,N001,-18.1,-14.71,10.0,1.0,0.0,0.0,71.18,96.82,0,1.0,2.0,2.0,1.0,1.0,0,7.0,CHECK,39.4,PROCESS_EXPORT_CANDIDATE,N018,RSL 96.8 h; sensory 7/16; gaps 0,YES
PGB-LMR-0138,lemuru,Sardinella lemuru,886.0,frozen,delayed_chilling_2h,36.0,168.0,N019,PARTIAL,N001,-18.1,-14.63,13.0,1.25,0.25,0.0,72.05,95.95,0,1.0,2.0,2.0,1.0,1.0,0,7.0,CHECK,42.4,PROCESS_EXPORT_CANDIDATE,N019,RSL 96 h; sensory 7/16; gaps 0,YES
PGB-LMR-0139,lemuru,Sardinella lemuru,1023.0,processed,melted_ice,36.0,168.0,N020,COMPLETE,N001,-18.1,-14.76,8.0,0.75,0.0,0.0,70.6,97.4,0,1.0,2.0,2.0,1.0,1.0,0,7.0,CHECK,42.9,PROCESS_EXPORT_CANDIDATE,N020,RSL 97.4 h; sensory 7/16; gaps 0,YES
PGB-LMR-0140,lemuru,Sardinella lemuru,1160.0,whole_fresh,loading_excursion,36.0,168.0,N006,COMPLETE,N001,1.09,2.25,18.79,5.0,1.75,1.0,110.7,57.3,0,2.0,2.0,2.0,2.0,2.0,0,10.0,CHECK,61.1,DOMESTIC_CHILLED,N006,RSL 57.3 h; sensory 10/16; gaps 0,YES
PGB-LMR-0141,lemuru,Sardinella lemuru,1297.0,whole_fresh,warm_auction_delay,36.0,168.0,N006,COMPLETE,N001,1.29,5.66,29.06,10.0,9.0,8.5,144.25,23.75,0,3.0,3.0,3.0,3.0,2.0,0,14.0,POOR,84.3,MANUAL_INSPECTION,N006,RSL 23.8 h; sensory 14/16; gaps 0,YES
PGB-LMR-0142,lemuru,Sardinella lemuru,1434.0,whole_fresh,reice_recovery,36.0,168.0,N008,COMPLETE,N001,0.89,2.86,22.83,6.75,4.0,2.75,118.74,49.26,0,2.0,2.0,3.0,2.0,2.0,0,11.0,POOR,67.9,DOMESTIC_CHILLED,N008,RSL 49.3 h; sensory 11/16; gaps 0,YES
PGB-LMR-0143,lemuru,Sardinella lemuru,1571.0,whole_fresh,logger_gap,36.0,168.0,N008,COMPLETE,N001,1.49,1.86,12.0,1.5,0.0,0.0,99.24,68.76,12,2.0,2.0,2.0,2.0,2.0,0,10.0,CHECK,59.9,MANUAL_INSPECTION,N008,RSL 68.8 h; sensory 10/16; gaps 12,YES
PGB-LMR-0144,lemuru,Sardinella lemuru,1708.0,whole_fresh,freezer_transfer,36.0,168.0,N002,PARTIAL,N001,1.49,1.73,7.0,0.75,0.0,0.0,101.86,66.14,0,2.0,2.0,2.0,2.0,2.0,0,10.0,CHECK,57.0,RE_ICE_AND_ROUTE,N002,RSL 66.1 h; sensory 10/16; gaps 0,YES
PGB-LMR-0145,lemuru,Sardinella lemuru,1845.0,whole_fresh,controlled_ice,36.0,168.0,N004,COMPLETE,N001,1.09,1.42,10.0,1.0,0.0,0.0,98.37,69.63,0,2.0,2.0,2.0,2.0,2.0,0,10.0,CHECK,54.9,RE_ICE_AND_ROUTE,N004,RSL 69.6 h; sensory 10/16; gaps 0,YES
PGB-LMR-0146,lemuru,Sardinella lemuru,1982.0,whole_fresh,delayed_chilling_2h,36.0,168.0,N006,COMPLETE,N001,1.09,2.3,22.13,3.75,2.5,1.75,110.79,57.21,0,2.0,2.0,2.0,2.0,2.0,0,10.0,CHECK,61.6,DOMESTIC_CHILLED,N006,RSL 57.2 h; sensory 10/16; gaps 0,YES
PGB-LMR-0147,lemuru,Sardinella lemuru,299.0,frozen,melted_ice,36.0,168.0,N018,COMPLETE,N001,-18.1,-14.76,8.0,0.75,0.0,0.0,70.61,97.39,0,1.0,2.0,2.0,1.0,1.0,0,7.0,CHECK,42.9,PROCESS_EXPORT_CANDIDATE,N018,RSL 97.4 h; sensory 7/16; gaps 0,YES
PGB-LMR-0148,lemuru,Sardinella lemuru,436.0,frozen,loading_excursion,36.0,168.0,N019,COMPLETE,N001,-18.1,-14.68,11.0,1.25,0.0,0.0,71.45,96.55,0,1.0,2.0,2.0,1.0,1.0,0,7.0,CHECK,41.7,PROCESS_EXPORT_CANDIDATE,N019,RSL 96.5 h; sensory 7/16; gaps 0,YES
PGB-LMR-0149,lemuru,Sardinella lemuru,573.0,processed,warm_auction_delay,36.0,168.0,N020,COMPLETE,N001,-18.1,-14.6,14.0,1.5,0.25,0.0,72.37,95.63,0,1.0,2.0,2.0,1.0,1.0,0,7.0,CHECK,45.5,PROCESS_EXPORT_CANDIDATE,N020,RSL 95.6 h; sensory 7/16; gaps 0,YES
PGB-LMR-0150,lemuru,Sardinella lemuru,710.0,whole_fresh,reice_recovery,36.0,168.0,N004,PARTIAL,N001,0.89,2.83,22.26,6.75,4.0,2.75,118.6,49.4,0,2.0,2.0,3.0,2.0,2.0,0,11.0,POOR,67.9,DOMESTIC_CHILLED,N004,RSL 49.4 h; sensory 11/16; gaps 0,YES
PGB-LMR-0151,lemuru,Sardinella lemuru,847.0,whole_fresh,logger_gap,36.0,168.0,N004,COMPLETE,N001,1.49,1.86,12.0,1.5,0.0,0.0,99.36,68.64,12,2.0,2.0,2.0,2.0,2.0,0,10.0,CHECK,59.9,MANUAL_INSPECTION,N004,RSL 68.6 h; sensory 10/16; gaps 12,YES
PGB-LMR-0152,lemuru,Sardinella lemuru,984.0,whole_fresh,freezer_transfer,36.0,168.0,N005,COMPLETE,N001,1.49,1.74,7.0,0.75,0.0,0.0,101.95,66.05,0,2.0,2.0,2.0,2.0,2.0,0,10.0,CHECK,57.1,RE_ICE_AND_ROUTE,N005,RSL 66.1 h; sensory 10/16; gaps 0,YES
PGB-LMR-0153,lemuru,Sardinella lemuru,1121.0,whole_fresh,controlled_ice,36.0,168.0,N006,COMPLETE,N001,1.09,1.42,10.0,1.25,0.0,0.0,98.45,69.55,0,2.0,2.0,2.0,2.0,2.0,0,10.0,CHECK,54.9,RE_ICE_AND_ROUTE,N006,RSL 69.5 h; sensory 10/16; gaps 0,YES
PGB-LMR-0154,lemuru,Sardinella lemuru,1258.0,whole_fresh,delayed_chilling_2h,36.0,168.0,N008,COMPLETE,N001,1.09,2.23,19.99,3.75,2.5,1.75,110.27,57.73,0,2.0,2.0,2.0,2.0,2.0,0,10.0,CHECK,61.5,DOMESTIC_CHILLED,N008,RSL 57.7 h; sensory 10/16; gaps 0,YES
PGB-LMR-0155,lemuru,Sardinella lemuru,1395.0,whole_fresh,melted_ice,36.0,168.0,N008,COMPLETE,N001,1.09,6.12,11.1,29.0,14.5,0.0,167.76,0.24,0,3.0,3.0,3.0,3.0,3.0,0,15.0,POOR,92.2,PROCESS_IMMEDIATELY,N008,RSL 0.2 h; sensory 15/16; gaps 0,YES
PGB-LMR-0156,lemuru,Sardinella lemuru,1532.0,whole_fresh,loading_excursion,36.0,168.0,N004,PARTIAL,N001,1.09,2.22,17.99,5.0,1.75,0.75,110.3,57.7,0,2.0,2.0,2.0,2.0,2.0,0,10.0,CHECK,61.0,DOMESTIC_CHILLED,N004,RSL 57.7 h; sensory 10/16; gaps 0,YES
PGB-LMR-0157,lemuru,Sardinella lemuru,1669.0,frozen,warm_auction_delay,36.0,168.0,N018,COMPLETE,N001,-18.1,-14.6,14.0,1.5,0.25,0.0,72.33,95.67,0,1.0,2.0,2.0,1.0,1.0,0,7.0,CHECK,45.5,PROCESS_EXPORT_CANDIDATE,N018,RSL 95.7 h; sensory 7/16; gaps 0,YES
PGB-LMR-0158,lemuru,Sardinella lemuru,1806.0,frozen,reice_recovery,36.0,168.0,N019,COMPLETE,N001,-18.1,-14.74,9.0,1.0,0.0,0.0,70.85,97.15,0,1.0,2.0,2.0,1.0,1.0,0,7.0,CHECK,43.5,PROCESS_EXPORT_CANDIDATE,N019,RSL 97.1 h; sensory 7/16; gaps 0,YES
PGB-LMR-0159,lemuru,Sardinella lemuru,1943.0,processed,logger_gap,36.0,168.0,N020,COMPLETE,N001,-18.1,-14.66,12.0,1.25,0.0,0.0,69.78,98.22,12,1.0,2.0,2.0,1.0,1.0,0,7.0,CHECK,43.7,PROCESS_EXPORT_CANDIDATE,N020,RSL 98.2 h; sensory 7/16; gaps 12,YES
PGB-LMR-0160,lemuru,Sardinella lemuru,260.0,whole_fresh,freezer_transfer,36.0,168.0,N007,COMPLETE,N001,1.49,1.73,7.0,0.75,0.0,0.0,101.86,66.14,0,2.0,2.0,2.0,2.0,2.0,0,10.0,CHECK,57.0,RE_ICE_AND_ROUTE,N007,RSL 66.1 h; sensory 10/16; gaps 0,YES
PGB-LMR-0161,lemuru,Sardinella lemuru,397.0,whole_fresh,controlled_ice,48.0,168.0,N011,COMPLETE,N001,1.09,1.42,10.0,1.0,0.0,0.0,110.37,57.63,0,2.0,2.0,2.0,2.0,2.0,0,10.0,CHECK,58.8,DOMESTIC_CHILLED,N011,RSL 57.6 h; sensory 10/16; gaps 0,YES
PGB-LMR-0162,lemuru,Sardinella lemuru,534.0,whole_fresh,delayed_chilling_2h,48.0,168.0,N004,PARTIAL,N001,1.09,2.22,20.29,3.75,2.5,1.75,122.25,45.75,0,2.0,3.0,3.0,2.0,2.0,0,12.0,POOR,69.8,DOMESTIC_CHILLED,N004,RSL 45.7 h; sensory 12/16; gaps 0,YES
PGB-LMR-0163,lemuru,Sardinella lemuru,671.0,whole_fresh,melted_ice,48.0,168.0,N004,COMPLETE,N001,1.09,6.11,11.1,29.25,14.25,0.0,179.69,0.0,0,3.0,3.0,3.0,3.0,3.0,0,15.0,POOR,92.3,PROCESS_IMMEDIATELY,N004,RSL 0 h; sensory 15/16; gaps 0,YES
PGB-LMR-0164,lemuru,Sardinella lemuru,808.0,whole_fresh,loading_excursion,48.0,168.0,N006,COMPLETE,N001,1.09,2.2,17.39,5.0,1.75,0.5,122.01,45.99,0,2.0,3.0,3.0,2.0,2.0,0,12.0,POOR,69.2,DOMESTIC_CHILLED,N006,RSL 46 h; sensory 12/16; gaps 0,YES
PGB-LMR-0165,lemuru,Sardinella lemuru,945.0,whole_fresh,warm_auction_delay,48.0,168.0,N006,COMPLETE,N001,1.29,5.93,30.78,10.25,9.0,8.5,156.49,11.51,0,3.0,3.0,3.0,3.0,3.0,0,15.0,POOR,90.5,MANUAL_INSPECTION,N006,RSL 11.5 h; sensory 15/16; gaps 0,YES
PGB-LMR-0166,lemuru,Sardinella lemuru,1082.0,whole_fresh,reice_recovery,48.0,168.0,N008,COMPLETE,N001,0.89,2.78,21.8,6.75,4.0,2.5,130.17,37.83,0,2.0,3.0,3.0,2.0,2.0,0,12.0,POOR,73.9,DOMESTIC_CHILLED,N008,RSL 37.8 h; sensory 12/16; gaps 0,YES
PGB-LMR-0167,lemuru,Sardinella lemuru,1219.0,frozen,logger_gap,48.0,168.0,N018,COMPLETE,N001,-18.1,-14.65,12.0,1.25,0.0,0.0,81.85,86.15,12,1.0,2.0,2.0,1.0,1.0,0,7.0,CHECK,47.6,PROCESS_EXPORT_CANDIDATE,N018,RSL 86.2 h; sensory 7/16; gaps 12,YES
PGB-LMR-0168,lemuru,Sardinella lemuru,1356.0,frozen,freezer_transfer,48.0,168.0,N019,PARTIAL,N001,-18.1,-14.79,7.0,0.75,0.0,0.0,82.38,85.62,0,1.0,2.0,2.0,1.0,1.0,0,7.0,CHECK,44.1,PROCESS_EXPORT_CANDIDATE,N019,RSL 85.6 h; sensory 7/16; gaps 0,YES
PGB-LMR-0169,lemuru,Sardinella lemuru,1493.0,processed,controlled_ice,48.0,168.0,N020,COMPLETE,N001,-18.1,-14.71,10.0,1.0,0.0,0.0,83.19,84.81,0,1.0,2.0,2.0,1.0,1.0,0,7.0,CHECK,43.3,PROCESS_EXPORT_CANDIDATE,N020,RSL 84.8 h; sensory 7/16; gaps 0,YES
PGB-LMR-0170,lemuru,Sardinella lemuru,1630.0,whole_fresh,delayed_chilling_2h,48.0,168.0,N006,COMPLETE,N001,1.09,2.24,20.46,3.75,2.5,1.75,122.39,45.61,0,2.0,3.0,3.0,2.0,2.0,0,12.0,POOR,69.8,DOMESTIC_CHILLED,N006,RSL 45.6 h; sensory 12/16; gaps 0,YES
PGB-LMR-0171,lemuru,Sardinella lemuru,1767.0,whole_fresh,melted_ice,48.0,168.0,N006,COMPLETE,N001,1.1,6.12,11.1,29.0,14.5,0.0,179.78,0.0,0,3.0,3.0,3.0,3.0,3.0,0,15.0,POOR,92.3,PROCESS_IMMEDIATELY,N006,RSL 0 h; sensory 15/16; gaps 0,YES
PGB-LMR-0172,lemuru,Sardinella lemuru,1904.0,whole_fresh,loading_excursion,48.0,168.0,N008,COMPLETE,N001,1.09,2.18,17.06,5.0,1.75,0.5,121.72,46.28,0,2.0,3.0,3.0,2.0,2.0,0,12.0,POOR,69.1,DOMESTIC_CHILLED,N008,RSL 46.3 h; sensory 12/16; gaps 0,YES
PGB-LMR-0173,lemuru,Sardinella lemuru,221.0,whole_fresh,warm_auction_delay,48.0,168.0,N008,COMPLETE,N001,1.29,6.01,31.01,10.25,9.0,8.5,156.57,11.43,0,3.0,3.0,3.0,3.0,3.0,0,15.0,POOR,90.6,MANUAL_INSPECTION,N008,RSL 11.4 h; sensory 15/16; gaps 0,YES
PGB-LMR-0174,lemuru,Sardinella lemuru,358.0,whole_fresh,reice_recovery,48.0,168.0,N004,PARTIAL,N001,0.89,2.76,21.81,6.75,3.75,2.5,130.01,37.99,0,2.0,3.0,3.0,2.0,2.0,0,12.0,POOR,73.8,DOMESTIC_CHILLED,N004,RSL 38 h; sensory 12/16; gaps 0,YES
PGB-LMR-0175,lemuru,Sardinella lemuru,495.0,whole_fresh,logger_gap,48.0,168.0,N004,COMPLETE,N001,1.49,1.86,12.0,1.5,0.0,0.0,111.26,56.74,12,2.0,2.0,3.0,2.0,2.0,0,11.0,POOR,66.0,MANUAL_INSPECTION,N004,RSL 56.7 h; sensory 11/16; gaps 12,YES
PGB-LMR-0176,lemuru,Sardinella lemuru,632.0,whole_fresh,freezer_transfer,48.0,168.0,N006,COMPLETE,N001,1.49,1.73,7.0,0.75,0.0,0.0,113.87,54.13,0,2.0,2.0,2.0,2.0,2.0,0,10.0,CHECK,61.0,DOMESTIC_CHILLED,N006,RSL 54.1 h; sensory 10/16; gaps 0,YES
PGB-LMR-0177,lemuru,Sardinella lemuru,769.0,frozen,controlled_ice,48.0,168.0,N018,COMPLETE,N001,-18.1,-14.71,10.0,1.0,0.0,0.0,83.12,84.88,0,1.0,2.0,2.0,1.0,1.0,0,7.0,CHECK,43.3,PROCESS_EXPORT_CANDIDATE,N018,RSL 84.9 h; sensory 7/16; gaps 0,YES
PGB-LMR-0178,lemuru,Sardinella lemuru,906.0,frozen,delayed_chilling_2h,48.0,168.0,N019,COMPLETE,N001,-18.1,-14.63,13.0,1.25,0.25,0.0,84.0,84.0,0,2.0,2.0,2.0,2.0,1.0,0,9.0,CHECK,50.7,PROCESS_EXPORT_CANDIDATE,N019,RSL 84 h; sensory 9/16; gaps 0,YES
PGB-LMR-0179,lemuru,Sardinella lemuru,1043.0,processed,melted_ice,48.0,168.0,N020,COMPLETE,N001,-18.1,-14.76,8.0,0.75,0.0,0.0,82.59,85.41,0,1.0,2.0,2.0,1.0,1.0,0,7.0,CHECK,46.8,PROCESS_EXPORT_CANDIDATE,N020,RSL 85.4 h; sensory 7/16; gaps 0,YES
PGB-LMR-0180,lemuru,Sardinella lemuru,1180.0,whole_fresh,loading_excursion,48.0,168.0,N004,PARTIAL,N001,1.09,2.15,16.56,4.75,1.75,0.5,121.39,46.61,0,2.0,3.0,3.0,2.0,2.0,0,12.0,POOR,69.0,DOMESTIC_CHILLED,N004,RSL 46.6 h; sensory 12/16; gaps 0,YES
PGB-LMR-0181,lemuru,Sardinella lemuru,1317.0,whole_fresh,warm_auction_delay,48.0,168.0,N004,COMPLETE,N001,1.29,6.07,31.12,10.25,9.0,8.5,156.55,11.45,0,3.0,3.0,3.0,3.0,3.0,0,15.0,POOR,90.6,MANUAL_INSPECTION,N004,RSL 11.4 h; sensory 15/16; gaps 0,YES
PGB-LMR-0182,lemuru,Sardinella lemuru,1454.0,whole_fresh,reice_recovery,48.0,168.0,N006,COMPLETE,N001,0.89,2.96,23.92,6.75,4.0,3.25,131.4,36.6,0,2.0,3.0,3.0,2.0,2.0,0,12.0,POOR,74.3,DOMESTIC_CHILLED,N006,RSL 36.6 h; sensory 12/16; gaps 0,YES
PGB-LMR-0183,lemuru,Sardinella lemuru,1591.0,whole_fresh,logger_gap,48.0,168.0,N006,COMPLETE,N001,1.49,1.86,12.0,1.5,0.0,0.0,111.34,56.66,12,2.0,2.0,3.0,2.0,2.0,0,11.0,POOR,66.0,MANUAL_INSPECTION,N006,RSL 56.7 h; sensory 11/16; gaps 12,YES
PGB-LMR-0184,lemuru,Sardinella lemuru,1728.0,whole_fresh,freezer_transfer,48.0,168.0,N008,COMPLETE,N001,1.49,1.74,7.0,0.75,0.0,0.0,113.94,54.06,0,2.0,2.0,2.0,2.0,2.0,0,10.0,CHECK,61.0,DOMESTIC_CHILLED,N008,RSL 54.1 h; sensory 10/16; gaps 0,YES
PGB-LMR-0185,lemuru,Sardinella lemuru,1865.0,whole_fresh,controlled_ice,48.0,168.0,N011,COMPLETE,N001,1.09,1.42,10.0,1.25,0.0,0.0,110.45,57.55,0,2.0,2.0,2.0,2.0,2.0,0,10.0,CHECK,58.8,DOMESTIC_CHILLED,N011,RSL 57.5 h; sensory 10/16; gaps 0,YES
PGB-LMR-0186,lemuru,Sardinella lemuru,182.0,whole_fresh,delayed_chilling_2h,48.0,168.0,N004,PARTIAL,N001,1.09,2.27,21.22,3.75,2.5,1.75,122.6,45.4,0,2.0,3.0,3.0,2.0,2.0,0,12.0,POOR,69.9,DOMESTIC_CHILLED,N004,RSL 45.4 h; sensory 12/16; gaps 0,YES
PGB-LMR-0187,lemuru,Sardinella lemuru,319.0,frozen,melted_ice,48.0,168.0,N018,COMPLETE,N001,-18.1,-14.76,8.0,0.75,0.0,0.0,82.64,85.36,0,1.0,2.0,2.0,1.0,1.0,0,7.0,CHECK,46.9,PROCESS_EXPORT_CANDIDATE,N018,RSL 85.4 h; sensory 7/16; gaps 0,YES
PGB-LMR-0188,lemuru,Sardinella lemuru,456.0,frozen,loading_excursion,48.0,168.0,N019,COMPLETE,N001,-18.1,-14.68,11.0,1.25,0.0,0.0,83.46,84.54,0,1.0,2.0,2.0,1.0,1.0,0,7.0,CHECK,45.6,PROCESS_EXPORT_CANDIDATE,N019,RSL 84.5 h; sensory 7/16; gaps 0,YES
PGB-LMR-0189,lemuru,Sardinella lemuru,593.0,processed,warm_auction_delay,48.0,168.0,N020,COMPLETE,N001,-18.1,-14.6,14.0,1.5,0.25,0.0,84.36,83.64,0,2.0,2.0,2.0,2.0,1.0,0,9.0,CHECK,53.8,PROCESS_EXPORT_CANDIDATE,N020,RSL 83.6 h; sensory 9/16; gaps 0,YES
PGB-LMR-0190,lemuru,Sardinella lemuru,730.0,whole_fresh,reice_recovery,48.0,168.0,N008,COMPLETE,N001,0.89,2.91,23.27,7.0,4.0,3.0,131.11,36.89,0,2.0,3.0,3.0,2.0,2.0,0,12.0,POOR,74.2,DOMESTIC_CHILLED,N008,RSL 36.9 h; sensory 12/16; gaps 0,YES
PGB-LMR-0191,lemuru,Sardinella lemuru,867.0,whole_fresh,logger_gap,48.0,168.0,N008,COMPLETE,N001,1.49,1.86,12.0,1.5,0.0,0.0,111.27,56.73,12,2.0,2.0,3.0,2.0,2.0,0,11.0,POOR,66.0,MANUAL_INSPECTION,N008,RSL 56.7 h; sensory 11/16; gaps 12,YES
PGB-LMR-0192,lemuru,Sardinella lemuru,1004.0,whole_fresh,freezer_transfer,48.0,168.0,N004,PARTIAL,N001,1.49,1.73,7.0,0.75,0.0,0.0,113.88,54.12,0,2.0,2.0,2.0,2.0,2.0,0,10.0,CHECK,61.0,DOMESTIC_CHILLED,N004,RSL 54.1 h; sensory 10/16; gaps 0,YES
PGB-LMR-0193,lemuru,Sardinella lemuru,1141.0,whole_fresh,controlled_ice,48.0,168.0,N005,COMPLETE,N001,1.09,1.42,10.0,1.0,0.0,0.0,110.37,57.63,0,2.0,2.0,2.0,2.0,2.0,0,10.0,CHECK,58.8,DOMESTIC_CHILLED,N005,RSL 57.6 h; sensory 10/16; gaps 0,YES
PGB-LMR-0194,lemuru,Sardinella lemuru,1278.0,whole_fresh,delayed_chilling_2h,48.0,168.0,N006,COMPLETE,N001,1.09,2.28,21.62,3.75,2.5,1.75,122.67,45.33,0,2.0,3.0,3.0,2.0,2.0,0,12.0,POOR,69.9,DOMESTIC_CHILLED,N006,RSL 45.3 h; sensory 12/16; gaps 0,YES
PGB-LMR-0195,lemuru,Sardinella lemuru,1415.0,whole_fresh,melted_ice,48.0,168.0,N006,COMPLETE,N001,1.09,6.11,11.1,29.25,14.25,0.0,179.67,0.0,0,3.0,3.0,3.0,3.0,3.0,0,15.0,POOR,92.3,PROCESS_IMMEDIATELY,N006,RSL 0 h; sensory 15/16; gaps 0,YES
PGB-LMR-0196,lemuru,Sardinella lemuru,1552.0,whole_fresh,loading_excursion,48.0,168.0,N008,COMPLETE,N001,1.09,2.25,18.69,5.0,1.75,0.75,122.69,45.31,0,2.0,3.0,3.0,2.0,2.0,0,12.0,POOR,69.4,DOMESTIC_CHILLED,N008,RSL 45.3 h; sensory 12/16; gaps 0,YES
PGB-LMR-0197,lemuru,Sardinella lemuru,1689.0,frozen,warm_auction_delay,48.0,168.0,N018,COMPLETE,N001,-18.1,-14.6,14.0,1.5,0.25,0.0,84.33,83.67,0,2.0,2.0,2.0,2.0,1.0,0,9.0,CHECK,53.8,PROCESS_EXPORT_CANDIDATE,N018,RSL 83.7 h; sensory 9/16; gaps 0,YES
PGB-LMR-0198,lemuru,Sardinella lemuru,1826.0,frozen,reice_recovery,48.0,168.0,N019,PARTIAL,N001,-18.1,-14.73,9.0,1.0,0.0,0.0,82.88,85.12,0,1.0,2.0,2.0,1.0,1.0,0,7.0,CHECK,47.4,PROCESS_EXPORT_CANDIDATE,N019,RSL 85.1 h; sensory 7/16; gaps 0,YES
PGB-LMR-0199,lemuru,Sardinella lemuru,1963.0,processed,logger_gap,48.0,168.0,N020,COMPLETE,N001,-18.1,-14.65,12.0,1.25,0.0,0.0,81.83,86.17,12,1.0,2.0,2.0,1.0,1.0,0,7.0,CHECK,47.6,PROCESS_EXPORT_CANDIDATE,N020,RSL 86.2 h; sensory 7/16; gaps 12,YES
PGB-LMR-0200,lemuru,Sardinella lemuru,280.0,whole_fresh,freezer_transfer,48.0,168.0,N006,COMPLETE,N001,1.49,1.74,7.0,0.75,0.0,0.0,113.93,54.07,0,2.0,2.0,2.0,2.0,2.0,0,10.0,CHECK,61.0,DOMESTIC_CHILLED,N006,RSL 54.1 h; sensory 10/16; gaps 0,YES
PGB-LMR-0201,lemuru,Sardinella lemuru,417.0,whole_fresh,controlled_ice,72.0,168.0,N007,COMPLETE,N001,1.09,1.42,10.0,1.25,0.0,0.0,134.45,33.55,0,2.0,3.0,3.0,2.0,2.0,0,12.0,POOR,71.1,DOMESTIC_CHILLED,N007,RSL 33.6 h; sensory 12/16; gaps 0,YES
PGB-LMR-0202,lemuru,Sardinella lemuru,554.0,whole_fresh,delayed_chilling_2h,72.0,168.0,N007,COMPLETE,N001,1.09,2.31,22.09,3.75,2.5,1.75,146.84,21.16,0,3.0,3.0,3.0,3.0,2.0,0,14.0,POOR,82.2,LOCAL_FRESH_ONLY,N007,RSL 21.2 h; sensory 14/16; gaps 0,YES
PGB-LMR-0203,lemuru,Sardinella lemuru,691.0,whole_fresh,melted_ice,72.0,168.0,N008,COMPLETE,N001,1.1,6.12,11.1,29.0,14.5,0.0,203.79,0.0,0,3.0,3.0,3.0,3.0,3.0,0,15.0,POOR,92.3,PROCESS_IMMEDIATELY,N008,RSL 0 h; sensory 15/16; gaps 0,YES
PGB-LMR-0204,lemuru,Sardinella lemuru,828.0,whole_fresh,loading_excursion,72.0,168.0,N002,PARTIAL,N001,1.09,2.24,18.31,5.0,1.75,0.75,146.62,21.38,0,3.0,3.0,3.0,3.0,2.0,0,14.0,POOR,81.6,LOCAL_FRESH_ONLY,N002,RSL 21.4 h; sensory 14/16; gaps 0,YES
PGB-LMR-0205,lemuru,Sardinella lemuru,965.0,whole_fresh,warm_auction_delay,72.0,168.0,N004,COMPLETE,N001,1.29,5.76,29.83,10.25,9.0,8.5,180.35,0.0,0,3.0,3.0,3.0,3.0,3.0,0,15.0,POOR,94.3,MANUAL_INSPECTION,N004,RSL 0 h; sensory 15/16; gaps 0,YES
PGB-LMR-0206,lemuru,Sardinella lemuru,1102.0,whole_fresh,reice_recovery,72.0,168.0,N005,COMPLETE,N001,0.89,2.83,22.25,6.75,4.0,2.75,154.57,13.43,0,3.0,3.0,3.0,3.0,3.0,0,15.0,POOR,88.4,LOCAL_FRESH_ONLY,N005,RSL 13.4 h; sensory 15/16; gaps 0,YES
PGB-LMR-0207,lemuru,Sardinella lemuru,1239.0,frozen,logger_gap,72.0,168.0,N018,COMPLETE,N001,-18.1,-14.66,12.0,1.25,0.0,0.0,105.81,62.19,12,2.0,2.0,2.0,2.0,2.0,0,10.0,CHECK,62.0,PROCESS_EXPORT_CANDIDATE,N018,RSL 62.2 h; sensory 10/16; gaps 12,YES
PGB-LMR-0208,lemuru,Sardinella lemuru,1376.0,frozen,freezer_transfer,72.0,168.0,N019,COMPLETE,N001,-18.1,-14.79,7.0,0.5,0.0,0.0,106.33,61.67,0,2.0,2.0,2.0,2.0,2.0,0,10.0,CHECK,58.5,PROCESS_EXPORT_CANDIDATE,N019,RSL 61.7 h; sensory 10/16; gaps 0,YES
PGB-LMR-0209,lemuru,Sardinella lemuru,1513.0,processed,controlled_ice,72.0,168.0,N020,COMPLETE,N001,-18.1,-14.71,10.0,1.0,0.0,0.0,107.13,60.87,0,2.0,2.0,2.0,2.0,2.0,0,10.0,CHECK,57.7,PROCESS_EXPORT_CANDIDATE,N020,RSL 60.9 h; sensory 10/16; gaps 0,YES
PGB-LMR-0210,lemuru,Sardinella lemuru,1650.0,whole_fresh,delayed_chilling_2h,72.0,168.0,N002,PARTIAL,N001,1.09,2.22,20.01,3.75,2.5,1.75,146.22,21.78,0,3.0,3.0,3.0,3.0,2.0,0,14.0,POOR,82.0,LOCAL_FRESH_ONLY,N002,RSL 21.8 h; sensory 14/16; gaps 0,YES
PGB-LMR-0211,lemuru,Sardinella lemuru,1787.0,whole_fresh,melted_ice,72.0,168.0,N004,COMPLETE,N001,1.1,6.11,11.1,29.25,14.5,0.0,203.67,0.0,0,3.0,3.0,3.0,3.0,3.0,0,15.0,POOR,92.3,PROCESS_IMMEDIATELY,N004,RSL 0 h; sensory 15/16; gaps 0,YES
PGB-LMR-0212,lemuru,Sardinella lemuru,1924.0,whole_fresh,loading_excursion,72.0,168.0,N005,COMPLETE,N001,1.09,2.21,17.95,5.0,1.75,0.75,146.23,21.77,0,3.0,3.0,3.0,3.0,2.0,0,14.0,POOR,81.5,LOCAL_FRESH_ONLY,N005,RSL 21.8 h; sensory 14/16; gaps 0,YES
PGB-LMR-0213,lemuru,Sardinella lemuru,241.0,whole_fresh,warm_auction_delay,72.0,168.0,N006,COMPLETE,N001,1.29,5.84,30.25,10.25,9.0,8.5,180.42,0.0,0,3.0,3.0,3.0,3.0,3.0,0,15.0,POOR,94.3,MANUAL_INSPECTION,N006,RSL 0 h; sensory 15/16; gaps 0,YES
PGB-LMR-0214,lemuru,Sardinella lemuru,378.0,whole_fresh,reice_recovery,72.0,168.0,N007,COMPLETE,N001,0.89,2.79,22.07,6.75,4.0,2.75,154.28,13.72,0,3.0,3.0,3.0,3.0,3.0,0,15.0,POOR,88.3,LOCAL_FRESH_ONLY,N007,RSL 13.7 h; sensory 15/16; gaps 0,YES
PGB-LMR-0215,lemuru,Sardinella lemuru,515.0,whole_fresh,logger_gap,72.0,168.0,N008,COMPLETE,N001,1.49,1.86,12.0,1.5,0.0,0.0,135.3,32.7,12,2.0,3.0,3.0,2.0,2.0,0,12.0,POOR,76.0,MANUAL_INSPECTION,N008,RSL 32.7 h; sensory 12/16; gaps 12,YES
PGB-LMR-0216,lemuru,Sardinella lemuru,652.0,whole_fresh,freezer_transfer,72.0,168.0,N004,PARTIAL,N001,1.49,1.74,7.0,0.75,0.0,0.0,137.91,30.09,0,2.0,3.0,3.0,2.0,2.0,0,12.0,POOR,73.2,DOMESTIC_CHILLED,N004,RSL 30.1 h; sensory 12/16; gaps 0,YES
PGB-LMR-0217,lemuru,Sardinella lemuru,789.0,frozen,controlled_ice,72.0,168.0,N018,COMPLETE,N001,-18.1,-14.71,10.0,1.0,0.0,0.0,107.18,60.82,0,2.0,2.0,2.0,2.0,2.0,0,10.0,CHECK,57.8,PROCESS_EXPORT_CANDIDATE,N018,RSL 60.8 h; sensory 10/16; gaps 0,YES
PGB-LMR-0218,lemuru,Sardinella lemuru,926.0,frozen,delayed_chilling_2h,72.0,168.0,N019,COMPLETE,N001,-18.1,-14.63,13.0,1.5,0.25,0.0,108.07,59.93,0,2.0,2.0,2.0,2.0,2.0,0,10.0,CHECK,60.8,PROCESS_EXPORT_CANDIDATE,N019,RSL 59.9 h; sensory 10/16; gaps 0,YES
PGB-LMR-0219,lemuru,Sardinella lemuru,1063.0,processed,melted_ice,72.0,168.0,N020,COMPLETE,N001,-18.1,-14.76,8.0,0.75,0.0,0.0,106.64,61.36,0,2.0,2.0,2.0,2.0,2.0,0,10.0,CHECK,61.3,PROCESS_EXPORT_CANDIDATE,N020,RSL 61.4 h; sensory 10/16; gaps 0,YES
PGB-LMR-0220,lemuru,Sardinella lemuru,1200.0,whole_fresh,loading_excursion,72.0,168.0,N007,COMPLETE,N001,1.09,2.2,17.41,5.0,1.75,0.5,146.08,21.92,0,3.0,3.0,3.0,3.0,2.0,0,14.0,POOR,81.4,LOCAL_FRESH_ONLY,N007,RSL 21.9 h; sensory 14/16; gaps 0,YES
PGB-LMR-0221,lemuru,Sardinella lemuru,1337.0,whole_fresh,warm_auction_delay,72.0,168.0,N008,COMPLETE,N001,1.29,5.94,30.84,10.25,9.0,8.5,180.51,0.0,0,3.0,3.0,3.0,3.0,3.0,0,15.0,POOR,94.3,MANUAL_INSPECTION,N008,RSL 0 h; sensory 15/16; gaps 0,YES
PGB-LMR-0222,lemuru,Sardinella lemuru,1474.0,whole_fresh,reice_recovery,72.0,168.0,N002,PARTIAL,N001,0.89,2.78,21.73,6.75,4.0,2.5,154.17,13.83,0,3.0,3.0,3.0,3.0,3.0,0,15.0,POOR,88.3,LOCAL_FRESH_ONLY,N002,RSL 13.8 h; sensory 15/16; gaps 0,YES
PGB-LMR-0223,lemuru,Sardinella lemuru,1611.0,whole_fresh,logger_gap,72.0,168.0,N004,COMPLETE,N001,1.49,1.86,12.0,1.5,0.0,0.0,135.32,32.68,12,2.0,3.0,3.0,2.0,2.0,0,12.0,POOR,76.1,MANUAL_INSPECTION,N004,RSL 32.7 h; sensory 12/16; gaps 12,YES
PGB-LMR-0224,lemuru,Sardinella lemuru,1748.0,whole_fresh,freezer_transfer,72.0,168.0,N006,COMPLETE,N001,1.49,1.73,7.0,0.75,0.0,0.0,137.9,30.1,0,2.0,3.0,3.0,2.0,2.0,0,12.0,POOR,73.2,DOMESTIC_CHILLED,N006,RSL 30.1 h; sensory 12/16; gaps 0,YES
PGB-LMR-0225,lemuru,Sardinella lemuru,1885.0,whole_fresh,controlled_ice,72.0,168.0,N007,COMPLETE,N001,1.09,1.42,10.0,1.0,0.0,0.0,134.4,33.6,0,2.0,3.0,3.0,2.0,2.0,0,12.0,POOR,71.0,DOMESTIC_CHILLED,N007,RSL 33.6 h; sensory 12/16; gaps 0,YES
PGB-LMR-0226,lemuru,Sardinella lemuru,202.0,whole_fresh,delayed_chilling_2h,72.0,168.0,N007,COMPLETE,N001,1.09,2.24,20.41,3.75,2.5,1.75,146.36,21.64,0,3.0,3.0,3.0,3.0,2.0,0,14.0,POOR,82.0,LOCAL_FRESH_ONLY,N007,RSL 21.6 h; sensory 14/16; gaps 0,YES
PGB-LMR-0227,lemuru,Sardinella lemuru,339.0,frozen,melted_ice,72.0,168.0,N018,COMPLETE,N001,-18.1,-14.76,8.0,0.75,0.0,0.0,106.58,61.42,0,2.0,2.0,2.0,2.0,2.0,0,10.0,CHECK,61.3,PROCESS_EXPORT_CANDIDATE,N018,RSL 61.4 h; sensory 10/16; gaps 0,YES
PGB-LMR-0228,lemuru,Sardinella lemuru,476.0,frozen,loading_excursion,72.0,168.0,N019,PARTIAL,N001,-18.1,-14.68,11.0,1.0,0.0,0.0,107.4,60.6,0,2.0,2.0,2.0,2.0,2.0,0,10.0,CHECK,60.0,PROCESS_EXPORT_CANDIDATE,N019,RSL 60.6 h; sensory 10/16; gaps 0,YES
PGB-LMR-0229,lemuru,Sardinella lemuru,613.0,processed,warm_auction_delay,72.0,168.0,N020,COMPLETE,N001,-18.1,-14.6,14.0,1.5,0.25,0.0,108.31,59.69,0,2.0,2.0,3.0,2.0,2.0,0,11.0,POOR,66.0,PROCESS_EXPORT_CANDIDATE,N020,RSL 59.7 h; sensory 11/16; gaps 0,YES
PGB-LMR-0230,lemuru,Sardinella lemuru,750.0,whole_fresh,reice_recovery,72.0,168.0,N005,COMPLETE,N001,0.89,2.76,21.91,6.75,3.75,2.5,153.98,14.02,0,3.0,3.0,3.0,3.0,3.0,0,15.0,POOR,88.2,LOCAL_FRESH_ONLY,N005,RSL 14 h; sensory 15/16; gaps 0,YES
PGB-LMR-0231,lemuru,Sardinella lemuru,887.0,whole_fresh,logger_gap,72.0,168.0,N006,COMPLETE,N001,1.49,1.86,12.0,1.5,0.0,0.0,135.27,32.73,12,2.0,3.0,3.0,2.0,2.0,0,12.0,POOR,76.0,MANUAL_INSPECTION,N006,RSL 32.7 h; sensory 12/16; gaps 12,YES
PGB-LMR-0232,lemuru,Sardinella lemuru,1024.0,whole_fresh,freezer_transfer,72.0,168.0,N008,COMPLETE,N001,1.49,1.73,7.0,0.75,0.0,0.0,137.9,30.1,0,2.0,3.0,3.0,2.0,2.0,0,12.0,POOR,73.2,DOMESTIC_CHILLED,N008,RSL 30.1 h; sensory 12/16; gaps 0,YES
PGB-LMR-0233,lemuru,Sardinella lemuru,1161.0,whole_fresh,controlled_ice,72.0,168.0,N011,COMPLETE,N001,1.09,1.42,10.0,1.25,0.0,0.0,134.42,33.58,0,2.0,3.0,3.0,2.0,2.0,0,12.0,POOR,71.1,DOMESTIC_CHILLED,N011,RSL 33.6 h; sensory 12/16; gaps 0,YES
PGB-LMR-0234,lemuru,Sardinella lemuru,1298.0,whole_fresh,delayed_chilling_2h,72.0,168.0,N002,PARTIAL,N001,1.09,2.26,20.93,3.75,2.5,1.75,146.46,21.54,0,3.0,3.0,3.0,3.0,2.0,0,14.0,POOR,82.1,LOCAL_FRESH_ONLY,N002,RSL 21.5 h; sensory 14/16; gaps 0,YES
PGB-LMR-0235,lemuru,Sardinella lemuru,1435.0,whole_fresh,melted_ice,72.0,168.0,N004,COMPLETE,N001,1.09,6.12,11.1,28.75,14.25,0.0,203.77,0.0,0,3.0,3.0,3.0,3.0,3.0,0,15.0,POOR,92.3,PROCESS_IMMEDIATELY,N004,RSL 0 h; sensory 15/16; gaps 0,YES
PGB-LMR-0236,lemuru,Sardinella lemuru,1572.0,whole_fresh,loading_excursion,72.0,168.0,N005,COMPLETE,N001,1.09,2.16,16.51,5.0,1.75,0.5,145.49,22.51,0,3.0,3.0,3.0,3.0,2.0,0,14.0,POOR,81.3,LOCAL_FRESH_ONLY,N005,RSL 22.5 h; sensory 14/16; gaps 0,YES
PGB-LMR-0237,lemuru,Sardinella lemuru,1709.0,frozen,warm_auction_delay,72.0,168.0,N018,COMPLETE,N001,-18.1,-14.6,14.0,1.5,0.25,0.0,108.38,59.62,0,2.0,2.0,3.0,2.0,2.0,0,11.0,POOR,66.0,PROCESS_EXPORT_CANDIDATE,N018,RSL 59.6 h; sensory 11/16; gaps 0,YES
PGB-LMR-0238,lemuru,Sardinella lemuru,1846.0,frozen,reice_recovery,72.0,168.0,N019,COMPLETE,N001,-18.1,-14.73,9.0,1.0,0.0,0.0,106.91,61.09,0,2.0,2.0,2.0,2.0,2.0,0,10.0,CHECK,61.9,PROCESS_EXPORT_CANDIDATE,N019,RSL 61.1 h; sensory 10/16; gaps 0,YES
PGB-LMR-0239,lemuru,Sardinella lemuru,1983.0,processed,logger_gap,72.0,168.0,N020,COMPLETE,N001,-18.1,-14.65,12.0,1.25,0.0,0.0,105.83,62.17,12,2.0,2.0,2.0,2.0,2.0,0,10.0,CHECK,62.0,PROCESS_EXPORT_CANDIDATE,N020,RSL 62.2 h; sensory 10/16; gaps 12,YES
PGB-LMR-0240,lemuru,Sardinella lemuru,300.0,whole_fresh,freezer_transfer,72.0,168.0,N004,PARTIAL,N001,1.49,1.74,7.0,0.75,0.0,0.0,137.92,30.08,0,2.0,3.0,3.0,2.0,2.0,0,12.0,POOR,73.2,DOMESTIC_CHILLED,N004,RSL 30.1 h; sensory 12/16; gaps 0,YES
PGB-LMR-0241,lemuru,Sardinella lemuru,437.0,whole_fresh,controlled_ice,96.0,168.0,N004,COMPLETE,N001,1.09,1.42,10.0,1.0,0.0,0.0,158.41,9.59,0,3.0,3.0,3.0,3.0,3.0,0,15.0,POOR,85.5,PROCESS_IMMEDIATELY,N004,RSL 9.6 h; sensory 15/16; gaps 0,YES
PGB-LMR-0242,lemuru,Sardinella lemuru,574.0,whole_fresh,delayed_chilling_2h,96.0,168.0,N005,COMPLETE,N001,1.09,2.27,21.12,3.75,2.5,1.75,170.58,0.0,0,3.0,3.0,3.0,3.0,3.0,0,15.0,POOR,91.3,PROCESS_IMMEDIATELY,N005,RSL 0 h; sensory 15/16; gaps 0,YES
PGB-LMR-0243,lemuru,Sardinella lemuru,711.0,whole_fresh,melted_ice,96.0,168.0,N006,COMPLETE,N001,1.1,6.11,11.1,29.25,14.75,0.0,227.7,0.0,0,3.0,3.0,3.0,3.0,3.0,0,15.0,POOR,92.3,PROCESS_IMMEDIATELY,N006,RSL 0 h; sensory 15/16; gaps 0,YES
PGB-LMR-0244,lemuru,Sardinella lemuru,848.0,whole_fresh,loading_excursion,96.0,168.0,N007,COMPLETE,N001,1.09,2.13,16.33,4.75,1.75,0.5,169.09,0.0,0,3.0,3.0,3.0,3.0,3.0,0,15.0,POOR,90.8,PROCESS_IMMEDIATELY,N007,RSL 0 h; sensory 15/16; gaps 0,YES
PGB-LMR-0245,lemuru,Sardinella lemuru,985.0,whole_fresh,warm_auction_delay,96.0,168.0,N008,COMPLETE,N001,1.29,5.58,28.35,10.0,8.75,8.25,204.11,0.0,0,3.0,3.0,3.0,3.0,3.0,0,15.0,POOR,94.3,MANUAL_INSPECTION,N008,RSL 0 h; sensory 15/16; gaps 0,YES
PGB-LMR-0246,lemuru,Sardinella lemuru,1122.0,whole_fresh,reice_recovery,96.0,168.0,N002,PARTIAL,N001,0.89,2.91,23.41,6.75,4.0,2.75,179.04,0.0,0,3.0,3.0,3.0,3.0,3.0,0,15.0,POOR,92.8,PROCESS_IMMEDIATELY,N002,RSL 0 h; sensory 15/16; gaps 0,YES
PGB-LMR-0247,lemuru,Sardinella lemuru,1259.0,frozen,logger_gap,96.0,168.0,N018,COMPLETE,N001,-18.1,-14.66,12.0,1.25,0.0,0.0,129.79,38.21,12,2.0,3.0,3.0,2.0,2.0,0,12.0,POOR,74.2,PROCESS_EXPORT_CANDIDATE,N018,RSL 38.2 h; sensory 12/16; gaps 12,YES
PGB-LMR-0248,lemuru,Sardinella lemuru,1396.0,frozen,freezer_transfer,96.0,168.0,N019,COMPLETE,N001,-18.1,-14.79,7.0,0.5,0.0,0.0,130.34,37.66,0,2.0,3.0,3.0,2.0,2.0,0,12.0,POOR,70.7,PROCESS_EXPORT_CANDIDATE,N019,RSL 37.7 h; sensory 12/16; gaps 0,YES
PGB-LMR-0249,lemuru,Sardinella lemuru,1533.0,processed,controlled_ice,96.0,168.0,N020,COMPLETE,N001,-18.1,-14.71,10.0,1.0,0.0,0.0,131.15,36.85,0,2.0,3.0,3.0,2.0,2.0,0,12.0,POOR,70.0,PROCESS_EXPORT_CANDIDATE,N020,RSL 36.8 h; sensory 12/16; gaps 0,YES
PGB-LMR-0250,lemuru,Sardinella lemuru,1670.0,whole_fresh,delayed_chilling_2h,96.0,168.0,N007,COMPLETE,N001,1.09,2.29,21.74,3.75,2.5,1.75,170.68,0.0,0,3.0,3.0,3.0,3.0,3.0,0,15.0,POOR,91.3,PROCESS_IMMEDIATELY,N007,RSL 0 h; sensory 15/16; gaps 0,YES
PGB-LMR-0251,lemuru,Sardinella lemuru,1807.0,whole_fresh,melted_ice,96.0,168.0,N008,COMPLETE,N001,1.09,6.12,11.1,28.75,14.25,0.0,227.75,0.0,0,3.0,3.0,3.0,3.0,3.0,0,15.0,POOR,92.3,PROCESS_IMMEDIATELY,N008,RSL 0 h; sensory 15/16; gaps 0,YES
PGB-LMR-0252,lemuru,Sardinella lemuru,1944.0,whole_fresh,loading_excursion,96.0,168.0,N002,PARTIAL,N001,1.09,2.25,18.59,5.0,1.75,1.0,170.83,0.0,0,3.0,3.0,3.0,3.0,3.0,0,15.0,POOR,90.8,PROCESS_IMMEDIATELY,N002,RSL 0 h; sensory 15/16; gaps 0,YES
PGB-LMR-0253,lemuru,Sardinella lemuru,261.0,whole_fresh,warm_auction_delay,96.0,168.0,N004,COMPLETE,N001,1.29,5.67,29.25,10.25,8.75,8.5,204.23,0.0,0,3.0,3.0,3.0,3.0,3.0,0,15.0,POOR,94.3,MANUAL_INSPECTION,N004,RSL 0 h; sensory 15/16; gaps 0,YES
PGB-LMR-0254,lemuru,Sardinella lemuru,398.0,whole_fresh,reice_recovery,96.0,168.0,N005,COMPLETE,N001,0.89,2.87,22.66,6.75,4.0,2.75,178.88,0.0,0,3.0,3.0,3.0,3.0,3.0,0,15.0,POOR,92.8,PROCESS_IMMEDIATELY,N005,RSL 0 h; sensory 15/16; gaps 0,YES
PGB-LMR-0255,lemuru,Sardinella lemuru,535.0,whole_fresh,logger_gap,96.0,168.0,N006,COMPLETE,N001,1.49,1.86,12.0,1.5,0.0,0.0,159.35,8.65,12,3.0,3.0,3.0,3.0,3.0,0,15.0,POOR,90.5,MANUAL_INSPECTION,N006,RSL 8.6 h; sensory 15/16; gaps 12,YES
PGB-LMR-0256,lemuru,Sardinella lemuru,672.0,whole_fresh,freezer_transfer,96.0,168.0,N007,COMPLETE,N001,1.49,1.74,7.0,0.75,0.0,0.0,161.93,6.07,0,3.0,3.0,3.0,3.0,3.0,0,15.0,POOR,87.6,PROCESS_IMMEDIATELY,N007,RSL 6.1 h; sensory 15/16; gaps 0,YES
PGB-LMR-0257,lemuru,Sardinella lemuru,809.0,frozen,controlled_ice,96.0,168.0,N018,COMPLETE,N001,-18.1,-14.71,10.0,1.0,0.0,0.0,131.16,36.84,0,2.0,3.0,3.0,2.0,2.0,0,12.0,POOR,70.0,PROCESS_EXPORT_CANDIDATE,N018,RSL 36.8 h; sensory 12/16; gaps 0,YES
PGB-LMR-0258,lemuru,Sardinella lemuru,946.0,frozen,delayed_chilling_2h,96.0,168.0,N019,PARTIAL,N001,-18.1,-14.63,13.0,1.25,0.25,0.0,132.03,35.97,0,2.0,3.0,3.0,2.0,2.0,0,12.0,POOR,73.0,PROCESS_EXPORT_CANDIDATE,N019,RSL 36 h; sensory 12/16; gaps 0,YES
PGB-LMR-0259,lemuru,Sardinella lemuru,1083.0,processed,melted_ice,96.0,168.0,N020,COMPLETE,N001,-18.1,-14.76,8.0,0.75,0.0,0.0,130.59,37.41,0,2.0,3.0,3.0,2.0,2.0,0,12.0,POOR,73.5,PROCESS_EXPORT_CANDIDATE,N020,RSL 37.4 h; sensory 12/16; gaps 0,YES
PGB-LMR-0260,lemuru,Sardinella lemuru,1220.0,whole_fresh,loading_excursion,96.0,168.0,N005,COMPLETE,N001,1.09,2.23,18.43,5.0,1.75,0.75,170.48,0.0,0,3.0,3.0,3.0,3.0,3.0,0,15.0,POOR,90.8,PROCESS_IMMEDIATELY,N005,RSL 0 h; sensory 15/16; gaps 0,YES
PGB-LMR-0261,lemuru,Sardinella lemuru,1357.0,whole_fresh,warm_auction_delay,96.0,168.0,N006,COMPLETE,N001,1.29,5.75,29.67,10.25,9.0,8.5,204.35,0.0,0,3.0,3.0,3.0,3.0,3.0,0,15.0,POOR,94.3,MANUAL_INSPECTION,N006,RSL 0 h; sensory 15/16; gaps 0,YES
PGB-LMR-0262,lemuru,Sardinella lemuru,1494.0,whole_fresh,reice_recovery,96.0,168.0,N007,COMPLETE,N001,0.89,2.82,22.41,6.5,4.0,2.75,178.46,0.0,0,3.0,3.0,3.0,3.0,3.0,0,15.0,POOR,92.8,PROCESS_IMMEDIATELY,N007,RSL 0 h; sensory 15/16; gaps 0,YES
PGB-LMR-0263,lemuru,Sardinella lemuru,1631.0,whole_fresh,logger_gap,96.0,168.0,N008,COMPLETE,N001,1.49,1.86,12.0,1.5,0.0,0.0,159.24,8.76,12,3.0,3.0,3.0,3.0,3.0,0,15.0,POOR,90.4,MANUAL_INSPECTION,N008,RSL 8.8 h; sensory 15/16; gaps 12,YES
PGB-LMR-0264,lemuru,Sardinella lemuru,1768.0,whole_fresh,freezer_transfer,96.0,168.0,N002,PARTIAL,N001,1.49,1.73,7.0,0.75,0.0,0.0,161.87,6.13,0,3.0,3.0,3.0,3.0,3.0,0,15.0,POOR,87.6,PROCESS_IMMEDIATELY,N002,RSL 6.1 h; sensory 15/16; gaps 0,YES
PGB-LMR-0265,lemuru,Sardinella lemuru,1905.0,whole_fresh,controlled_ice,96.0,168.0,N004,COMPLETE,N001,1.09,1.42,10.0,1.0,0.0,0.0,158.39,9.61,0,3.0,3.0,3.0,3.0,3.0,0,15.0,POOR,85.5,PROCESS_IMMEDIATELY,N004,RSL 9.6 h; sensory 15/16; gaps 0,YES
PGB-LMR-0266,lemuru,Sardinella lemuru,222.0,whole_fresh,delayed_chilling_2h,96.0,168.0,N005,COMPLETE,N001,1.09,2.22,20.16,3.75,2.5,1.75,170.21,0.0,0,3.0,3.0,3.0,3.0,3.0,0,15.0,POOR,91.3,PROCESS_IMMEDIATELY,N005,RSL 0 h; sensory 15/16; gaps 0,YES
PGB-LMR-0267,lemuru,Sardinella lemuru,359.0,frozen,melted_ice,96.0,168.0,N018,COMPLETE,N001,-18.1,-14.76,8.0,0.75,0.0,0.0,130.62,37.38,0,2.0,3.0,3.0,2.0,2.0,0,12.0,POOR,73.5,PROCESS_EXPORT_CANDIDATE,N018,RSL 37.4 h; sensory 12/16; gaps 0,YES
PGB-LMR-0268,lemuru,Sardinella lemuru,496.0,frozen,loading_excursion,96.0,168.0,N019,COMPLETE,N001,-18.1,-14.68,11.0,1.25,0.0,0.0,131.46,36.54,0,2.0,3.0,3.0,2.0,2.0,0,12.0,POOR,72.3,PROCESS_EXPORT_CANDIDATE,N019,RSL 36.5 h; sensory 12/16; gaps 0,YES
PGB-LMR-0269,lemuru,Sardinella lemuru,633.0,processed,warm_auction_delay,96.0,168.0,N020,COMPLETE,N001,-18.1,-14.6,14.0,1.5,0.25,0.0,132.38,35.62,0,2.0,3.0,3.0,2.0,2.0,0,12.0,POOR,76.1,PROCESS_EXPORT_CANDIDATE,N020,RSL 35.6 h; sensory 12/16; gaps 0,YES
PGB-LMR-0270,lemuru,Sardinella lemuru,770.0,whole_fresh,reice_recovery,96.0,168.0,N002,PARTIAL,N001,0.89,2.8,21.91,6.75,4.0,2.5,178.38,0.0,0,3.0,3.0,3.0,3.0,3.0,0,15.0,POOR,92.8,PROCESS_IMMEDIATELY,N002,RSL 0 h; sensory 15/16; gaps 0,YES
PGB-LMR-0271,lemuru,Sardinella lemuru,907.0,whole_fresh,logger_gap,96.0,168.0,N004,COMPLETE,N001,1.49,1.86,12.0,1.5,0.0,0.0,159.36,8.64,12,3.0,3.0,3.0,3.0,3.0,0,15.0,POOR,90.5,MANUAL_INSPECTION,N004,RSL 8.6 h; sensory 15/16; gaps 12,YES
PGB-LMR-0272,lemuru,Sardinella lemuru,1044.0,whole_fresh,freezer_transfer,96.0,168.0,N005,COMPLETE,N001,1.49,1.74,7.0,0.75,0.0,0.0,161.94,6.06,0,3.0,3.0,3.0,3.0,3.0,0,15.0,POOR,87.6,PROCESS_IMMEDIATELY,N005,RSL 6.1 h; sensory 15/16; gaps 0,YES
PGB-LMR-0273,lemuru,Sardinella lemuru,1181.0,whole_fresh,controlled_ice,96.0,168.0,N006,COMPLETE,N001,1.09,1.42,10.0,1.0,0.0,0.0,158.44,9.56,0,3.0,3.0,3.0,3.0,3.0,0,15.0,POOR,85.5,PROCESS_IMMEDIATELY,N006,RSL 9.6 h; sensory 15/16; gaps 0,YES
PGB-LMR-0274,lemuru,Sardinella lemuru,1318.0,whole_fresh,delayed_chilling_2h,96.0,168.0,N007,COMPLETE,N001,1.09,2.23,20.14,3.75,2.5,1.75,170.31,0.0,0,3.0,3.0,3.0,3.0,3.0,0,15.0,POOR,91.3,PROCESS_IMMEDIATELY,N007,RSL 0 h; sensory 15/16; gaps 0,YES
PGB-LMR-0275,lemuru,Sardinella lemuru,1455.0,whole_fresh,melted_ice,96.0,168.0,N008,COMPLETE,N001,1.1,6.12,11.1,29.0,14.5,0.0,227.74,0.0,0,3.0,3.0,3.0,3.0,3.0,0,15.0,POOR,92.3,PROCESS_IMMEDIATELY,N008,RSL 0 h; sensory 15/16; gaps 0,YES
PGB-LMR-0276,lemuru,Sardinella lemuru,1592.0,whole_fresh,loading_excursion,96.0,168.0,N002,PARTIAL,N001,1.09,2.19,17.56,5.0,1.75,0.5,169.97,0.0,0,3.0,3.0,3.0,3.0,3.0,0,15.0,POOR,90.8,PROCESS_IMMEDIATELY,N002,RSL 0 h; sensory 15/16; gaps 0,YES
PGB-LMR-0277,lemuru,Sardinella lemuru,1729.0,frozen,warm_auction_delay,96.0,168.0,N018,COMPLETE,N001,-18.1,-14.6,14.0,1.5,0.25,0.0,132.32,35.68,0,2.0,3.0,3.0,2.0,2.0,0,12.0,POOR,76.1,PROCESS_EXPORT_CANDIDATE,N018,RSL 35.7 h; sensory 12/16; gaps 0,YES
PGB-LMR-0278,lemuru,Sardinella lemuru,1866.0,frozen,reice_recovery,96.0,168.0,N019,COMPLETE,N001,-18.1,-14.74,9.0,1.0,0.0,0.0,130.84,37.16,0,2.0,3.0,3.0,2.0,2.0,0,12.0,POOR,74.1,PROCESS_EXPORT_CANDIDATE,N019,RSL 37.2 h; sensory 12/16; gaps 0,YES
PGB-LMR-0279,lemuru,Sardinella lemuru,183.0,processed,logger_gap,96.0,168.0,N020,COMPLETE,N001,-18.1,-14.66,12.0,1.25,0.0,0.0,129.78,38.22,12,2.0,3.0,3.0,2.0,2.0,0,12.0,POOR,74.2,PROCESS_EXPORT_CANDIDATE,N020,RSL 38.2 h; sensory 12/16; gaps 12,YES
PGB-LMR-0280,lemuru,Sardinella lemuru,320.0,whole_fresh,freezer_transfer,96.0,168.0,N007,COMPLETE,N001,1.49,1.73,7.0,0.75,0.0,0.0,161.86,6.14,0,3.0,3.0,3.0,3.0,3.0,0,15.0,POOR,87.6,PROCESS_IMMEDIATELY,N007,RSL 6.1 h; sensory 15/16; gaps 0,YES
PGB-LMR-0281,lemuru,Sardinella lemuru,457.0,whole_fresh,controlled_ice,120.0,168.0,N008,COMPLETE,N001,1.09,1.42,10.0,1.0,0.0,0.0,182.38,0.0,0,3.0,3.0,3.0,3.0,3.0,0,15.0,POOR,88.6,PROCESS_IMMEDIATELY,N008,RSL 0 h; sensory 15/16; gaps 0,YES
PGB-LMR-0282,lemuru,Sardinella lemuru,594.0,whole_fresh,delayed_chilling_2h,120.0,168.0,N002,PARTIAL,N001,1.09,2.24,20.58,3.75,2.5,1.75,194.33,0.0,0,3.0,3.0,3.0,3.0,3.0,0,15.0,POOR,91.3,PROCESS_IMMEDIATELY,N002,RSL 0 h; sensory 15/16; gaps 0,YES
PGB-LMR-0283,lemuru,Sardinella lemuru,731.0,whole_fresh,melted_ice,120.0,168.0,N004,COMPLETE,N001,1.1,6.11,11.1,29.25,14.25,0.0,251.71,0.0,0,3.0,3.0,3.0,3.0,3.0,0,15.0,POOR,92.3,PROCESS_IMMEDIATELY,N004,RSL 0 h; sensory 15/16; gaps 0,YES
PGB-LMR-0284,lemuru,Sardinella lemuru,868.0,whole_fresh,loading_excursion,120.0,168.0,N005,COMPLETE,N001,1.09,2.18,16.92,5.0,1.75,0.5,193.74,0.0,0,3.0,3.0,3.0,3.0,3.0,0,15.0,POOR,90.8,PROCESS_IMMEDIATELY,N005,RSL 0 h; sensory 15/16; gaps 0,YES
PGB-LMR-0285,lemuru,Sardinella lemuru,1005.0,whole_fresh,warm_auction_delay,120.0,168.0,N006,COMPLETE,N001,1.29,6.01,31.09,10.25,9.0,8.5,228.54,0.0,0,3.0,3.0,3.0,3.0,3.0,0,15.0,POOR,94.3,MANUAL_INSPECTION,N006,RSL 0 h; sensory 15/16; gaps 0,YES
PGB-LMR-0286,lemuru,Sardinella lemuru,1142.0,whole_fresh,reice_recovery,120.0,168.0,N007,COMPLETE,N001,0.89,2.77,21.75,6.75,4.0,2.5,202.09,0.0,0,3.0,3.0,3.0,3.0,3.0,0,15.0,POOR,92.8,PROCESS_IMMEDIATELY,N007,RSL 0 h; sensory 15/16; gaps 0,YES
PGB-LMR-0287,lemuru,Sardinella lemuru,1279.0,frozen,logger_gap,120.0,168.0,N008,COMPLETE,N001,-18.1,-14.65,12.0,1.25,0.0,0.0,153.85,14.15,12,3.0,3.0,3.0,3.0,3.0,0,15.0,POOR,88.7,MANUAL_INSPECTION,N008,RSL 14.1 h; sensory 15/16; gaps 12,YES
PGB-LMR-0288,lemuru,Sardinella lemuru,1416.0,frozen,freezer_transfer,120.0,168.0,N002,PARTIAL,N001,-18.1,-14.79,7.0,0.75,0.0,0.0,154.38,13.62,0,3.0,3.0,3.0,3.0,3.0,0,15.0,POOR,85.2,LOCAL_FRESH_ONLY,N002,RSL 13.6 h; sensory 15/16; gaps 0,YES
PGB-LMR-0289,lemuru,Sardinella lemuru,1553.0,processed,controlled_ice,120.0,168.0,N004,COMPLETE,N001,-18.1,-14.71,10.0,1.0,0.0,0.0,155.18,12.82,0,3.0,3.0,3.0,3.0,3.0,0,15.0,POOR,84.4,LOCAL_FRESH_ONLY,N004,RSL 12.8 h; sensory 15/16; gaps 0,YES
PGB-LMR-0290,lemuru,Sardinella lemuru,1690.0,whole_fresh,delayed_chilling_2h,120.0,168.0,N005,COMPLETE,N001,1.09,2.26,20.76,3.75,2.5,1.75,194.49,0.0,0,3.0,3.0,3.0,3.0,3.0,0,15.0,POOR,91.3,PROCESS_IMMEDIATELY,N005,RSL 0 h; sensory 15/16; gaps 0,YES
PGB-LMR-0291,lemuru,Sardinella lemuru,1827.0,whole_fresh,melted_ice,120.0,168.0,N006,COMPLETE,N001,1.09,6.12,11.1,29.0,14.5,0.0,251.76,0.0,0,3.0,3.0,3.0,3.0,3.0,0,15.0,POOR,92.3,PROCESS_IMMEDIATELY,N006,RSL 0 h; sensory 15/16; gaps 0,YES
PGB-LMR-0292,lemuru,Sardinella lemuru,1964.0,whole_fresh,loading_excursion,120.0,168.0,N007,COMPLETE,N001,1.09,2.15,16.68,5.0,1.75,0.5,193.4,0.0,0,3.0,3.0,3.0,3.0,3.0,0,15.0,POOR,90.8,PROCESS_IMMEDIATELY,N007,RSL 0 h; sensory 15/16; gaps 0,YES
PGB-LMR-0293,lemuru,Sardinella lemuru,281.0,whole_fresh,warm_auction_delay,120.0,168.0,N008,COMPLETE,N001,1.29,6.07,31.07,10.25,9.0,8.5,228.58,0.0,0,3.0,3.0,3.0,3.0,3.0,0,15.0,POOR,94.3,MANUAL_INSPECTION,N008,RSL 0 h; sensory 15/16; gaps 0,YES
PGB-LMR-0294,lemuru,Sardinella lemuru,418.0,whole_fresh,reice_recovery,120.0,168.0,N002,PARTIAL,N001,0.89,2.96,23.95,7.0,4.0,3.0,203.32,0.0,0,3.0,3.0,3.0,3.0,3.0,0,15.0,POOR,92.8,PROCESS_IMMEDIATELY,N002,RSL 0 h; sensory 15/16; gaps 0,YES
PGB-LMR-0295,lemuru,Sardinella lemuru,555.0,whole_fresh,logger_gap,120.0,168.0,N004,COMPLETE,N001,1.49,1.86,12.0,1.5,0.0,0.0,183.24,0.0,12,3.0,3.0,3.0,3.0,3.0,0,15.0,POOR,93.3,MANUAL_INSPECTION,N004,RSL 0 h; sensory 15/16; gaps 12,YES
PGB-LMR-0296,lemuru,Sardinella lemuru,692.0,whole_fresh,freezer_transfer,120.0,168.0,N005,COMPLETE,N001,1.49,1.73,7.0,0.75,0.0,0.0,185.86,0.0,0,3.0,3.0,3.0,3.0,3.0,0,15.0,POOR,89.6,PROCESS_IMMEDIATELY,N005,RSL 0 h; sensory 15/16; gaps 0,YES
PGB-LMR-0297,lemuru,Sardinella lemuru,829.0,frozen,controlled_ice,120.0,168.0,N006,COMPLETE,N001,-18.1,-14.71,10.0,1.0,0.0,0.0,155.12,12.88,0,3.0,3.0,3.0,3.0,3.0,0,15.0,POOR,84.4,LOCAL_FRESH_ONLY,N006,RSL 12.9 h; sensory 15/16; gaps 0,YES
PGB-LMR-0298,lemuru,Sardinella lemuru,966.0,frozen,delayed_chilling_2h,120.0,168.0,N007,COMPLETE,N001,-18.1,-14.63,13.0,1.25,0.25,0.0,156.01,11.99,0,3.0,3.0,3.0,3.0,3.0,0,15.0,POOR,87.4,PROCESS_IMMEDIATELY,N007,RSL 12 h; sensory 15/16; gaps 0,YES
PGB-LMR-0299,lemuru,Sardinella lemuru,1103.0,processed,melted_ice,120.0,168.0,N008,COMPLETE,N001,-18.1,-14.76,8.0,0.75,0.0,0.0,154.6,13.4,0,3.0,3.0,3.0,3.0,3.0,0,15.0,POOR,87.9,LOCAL_FRESH_ONLY,N008,RSL 13.4 h; sensory 15/16; gaps 0,YES
PGB-LMR-0300,lemuru,Sardinella lemuru,1240.0,whole_fresh,loading_excursion,120.0,168.0,N002,PARTIAL,N001,1.09,2.14,16.16,4.75,1.75,0.5,193.17,0.0,0,3.0,3.0,3.0,3.0,3.0,0,15.0,POOR,90.8,PROCESS_IMMEDIATELY,N002,RSL 0 h; sensory 15/16; gaps 0,YES
PGB-LMR-0301,lemuru,Sardinella lemuru,1377.0,whole_fresh,warm_auction_delay,120.0,168.0,N004,COMPLETE,N001,1.29,5.59,28.5,10.25,8.75,8.25,228.1,0.0,0,3.0,3.0,3.0,3.0,3.0,0,15.0,POOR,94.3,MANUAL_INSPECTION,N004,RSL 0 h; sensory 15/16; gaps 0,YES
PGB-LMR-0302,lemuru,Sardinella lemuru,1514.0,whole_fresh,reice_recovery,120.0,168.0,N005,COMPLETE,N001,0.89,2.91,23.28,6.75,4.0,2.75,203.16,0.0,0,3.0,3.0,3.0,3.0,3.0,0,15.0,POOR,92.8,PROCESS_IMMEDIATELY,N005,RSL 0 h; sensory 15/16; gaps 0,YES
PGB-LMR-0303,lemuru,Sardinella lemuru,1651.0,whole_fresh,logger_gap,120.0,168.0,N006,COMPLETE,N001,1.49,1.86,12.0,1.5,0.0,0.0,183.35,0.0,12,3.0,3.0,3.0,3.0,3.0,0,15.0,POOR,93.3,MANUAL_INSPECTION,N006,RSL 0 h; sensory 15/16; gaps 12,YES
PGB-LMR-0304,lemuru,Sardinella lemuru,1788.0,whole_fresh,freezer_transfer,120.0,168.0,N007,COMPLETE,N001,1.49,1.74,7.0,0.75,0.0,0.0,185.95,0.0,0,3.0,3.0,3.0,3.0,3.0,0,15.0,POOR,89.6,PROCESS_IMMEDIATELY,N007,RSL 0 h; sensory 15/16; gaps 0,YES
PGB-LMR-0305,lemuru,Sardinella lemuru,1925.0,whole_fresh,controlled_ice,120.0,168.0,N008,COMPLETE,N001,1.09,1.42,10.0,1.25,0.0,0.0,182.46,0.0,0,3.0,3.0,3.0,3.0,3.0,0,15.0,POOR,88.6,PROCESS_IMMEDIATELY,N008,RSL 0 h; sensory 15/16; gaps 0,YES
PGB-LMR-0306,lemuru,Sardinella lemuru,242.0,whole_fresh,delayed_chilling_2h,120.0,168.0,N002,PARTIAL,N001,1.09,2.29,21.6,3.75,2.5,1.75,194.73,0.0,0,3.0,3.0,3.0,3.0,3.0,0,15.0,POOR,91.3,PROCESS_IMMEDIATELY,N002,RSL 0 h; sensory 15/16; gaps 0,YES
PGB-LMR-0307,lemuru,Sardinella lemuru,379.0,frozen,melted_ice,120.0,168.0,N004,COMPLETE,N001,-18.1,-14.76,8.0,0.75,0.0,0.0,154.63,13.37,0,3.0,3.0,3.0,3.0,3.0,0,15.0,POOR,87.9,LOCAL_FRESH_ONLY,N004,RSL 13.4 h; sensory 15/16; gaps 0,YES
PGB-LMR-0308,lemuru,Sardinella lemuru,516.0,frozen,loading_excursion,120.0,168.0,N005,COMPLETE,N001,-18.1,-14.68,11.0,1.25,0.0,0.0,155.45,12.55,0,3.0,3.0,3.0,3.0,3.0,0,15.0,POOR,86.7,LOCAL_FRESH_ONLY,N005,RSL 12.6 h; sensory 15/16; gaps 0,YES
PGB-LMR-0309,lemuru,Sardinella lemuru,653.0,processed,warm_auction_delay,120.0,168.0,N006,COMPLETE,N001,-18.1,-14.6,14.0,1.5,0.25,0.0,156.34,11.66,0,3.0,3.0,3.0,3.0,3.0,0,15.0,POOR,90.5,PROCESS_IMMEDIATELY,N006,RSL 11.7 h; sensory 15/16; gaps 0,YES
PGB-LMR-0310,lemuru,Sardinella lemuru,790.0,whole_fresh,reice_recovery,120.0,168.0,N007,COMPLETE,N001,0.89,2.87,22.77,7.0,4.0,2.75,202.78,0.0,0,3.0,3.0,3.0,3.0,3.0,0,15.0,POOR,92.8,PROCESS_IMMEDIATELY,N007,RSL 0 h; sensory 15/16; gaps 0,YES
PGB-LMR-0311,lemuru,Sardinella lemuru,927.0,whole_fresh,logger_gap,120.0,168.0,N008,COMPLETE,N001,1.49,1.86,12.0,1.5,0.0,0.0,183.25,0.0,12,3.0,3.0,3.0,3.0,3.0,0,15.0,POOR,93.3,MANUAL_INSPECTION,N008,RSL 0 h; sensory 15/16; gaps 12,YES
PGB-LMR-0312,lemuru,Sardinella lemuru,1064.0,whole_fresh,freezer_transfer,120.0,168.0,N002,PARTIAL,N001,1.49,1.73,7.0,0.75,0.0,0.0,185.87,0.0,0,3.0,3.0,3.0,3.0,3.0,0,15.0,POOR,89.6,PROCESS_IMMEDIATELY,N002,RSL 0 h; sensory 15/16; gaps 0,YES
PGB-LMR-0313,lemuru,Sardinella lemuru,1201.0,whole_fresh,controlled_ice,120.0,168.0,N004,COMPLETE,N001,1.09,1.42,10.0,1.0,0.0,0.0,182.37,0.0,0,3.0,3.0,3.0,3.0,3.0,0,15.0,POOR,88.6,PROCESS_IMMEDIATELY,N004,RSL 0 h; sensory 15/16; gaps 0,YES
PGB-LMR-0314,lemuru,Sardinella lemuru,1338.0,whole_fresh,delayed_chilling_2h,120.0,168.0,N005,COMPLETE,N001,1.09,2.3,22.07,3.75,2.5,1.75,194.79,0.0,0,3.0,3.0,3.0,3.0,3.0,0,15.0,POOR,91.3,PROCESS_IMMEDIATELY,N005,RSL 0 h; sensory 15/16; gaps 0,YES
PGB-LMR-0315,lemuru,Sardinella lemuru,1475.0,whole_fresh,melted_ice,120.0,168.0,N006,COMPLETE,N001,1.1,6.11,11.1,29.25,14.25,0.0,251.68,0.0,0,3.0,3.0,3.0,3.0,3.0,0,15.0,POOR,92.3,PROCESS_IMMEDIATELY,N006,RSL 0 h; sensory 15/16; gaps 0,YES
PGB-LMR-0316,lemuru,Sardinella lemuru,1612.0,whole_fresh,loading_excursion,120.0,168.0,N007,COMPLETE,N001,1.09,2.23,18.29,5.0,1.75,0.75,194.52,0.0,0,3.0,3.0,3.0,3.0,3.0,0,15.0,POOR,90.8,PROCESS_IMMEDIATELY,N007,RSL 0 h; sensory 15/16; gaps 0,YES
PGB-LMR-0317,lemuru,Sardinella lemuru,1749.0,frozen,warm_auction_delay,120.0,168.0,N008,COMPLETE,N001,-18.1,-14.6,14.0,1.5,0.25,0.0,156.34,11.66,0,3.0,3.0,3.0,3.0,3.0,0,15.0,POOR,90.5,PROCESS_IMMEDIATELY,N008,RSL 11.7 h; sensory 15/16; gaps 0,YES
PGB-LMR-0318,lemuru,Sardinella lemuru,1886.0,frozen,reice_recovery,120.0,168.0,N002,PARTIAL,N001,-18.1,-14.73,9.0,1.0,0.0,0.0,154.89,13.11,0,3.0,3.0,3.0,3.0,3.0,0,15.0,POOR,88.5,LOCAL_FRESH_ONLY,N002,RSL 13.1 h; sensory 15/16; gaps 0,YES
PGB-LMR-0319,lemuru,Sardinella lemuru,203.0,processed,logger_gap,120.0,168.0,N004,COMPLETE,N001,-18.1,-14.65,12.0,1.25,0.0,0.0,153.84,14.16,12,3.0,3.0,3.0,3.0,3.0,0,15.0,POOR,88.7,MANUAL_INSPECTION,N004,RSL 14.2 h; sensory 15/16; gaps 12,YES
PGB-LMR-0320,lemuru,Sardinella lemuru,340.0,whole_fresh,freezer_transfer,120.0,168.0,N005,COMPLETE,N001,1.49,1.74,7.0,0.75,0.0,0.0,185.94,0.0,0,3.0,3.0,3.0,3.0,3.0,0,15.0,POOR,89.6,PROCESS_IMMEDIATELY,N005,RSL 0 h; sensory 15/16; gaps 0,YES
PGB-LMR-0321,lemuru,Sardinella lemuru,477.0,whole_fresh,controlled_ice,0.0,168.0,N006,COMPLETE,N001,1.09,1.42,10.0,1.25,0.0,0.0,62.46,105.54,0,1.0,1.0,1.0,1.0,1.0,0,5.0,NORMAL,32.2,HOLD_CHILLED,N006,RSL 105.5 h; sensory 5/16; gaps 0,YES
PGB-LMR-0322,lemuru,Sardinella lemuru,614.0,whole_fresh,delayed_chilling_2h,0.0,168.0,N007,COMPLETE,N001,1.09,2.23,20.06,3.75,2.5,1.75,74.27,93.73,0,1.0,2.0,2.0,1.0,1.0,0,7.0,CHECK,43.1,RE_ICE_AND_ROUTE,N007,RSL 93.7 h; sensory 7/16; gaps 0,YES
PGB-LMR-0323,lemuru,Sardinella lemuru,751.0,whole_fresh,melted_ice,0.0,168.0,N011,COMPLETE,N001,1.09,6.12,11.1,28.75,14.5,0.0,131.79,36.21,0,2.0,3.0,3.0,2.0,2.0,0,12.0,POOR,73.9,DOMESTIC_CHILLED,N011,RSL 36.2 h; sensory 12/16; gaps 0,YES
PGB-LMR-0324,lemuru,Sardinella lemuru,888.0,whole_fresh,loading_excursion,0.0,168.0,N002,PARTIAL,N001,1.09,2.22,17.93,5.0,1.75,0.75,74.35,93.65,0,1.0,2.0,2.0,1.0,1.0,0,7.0,CHECK,42.7,RE_ICE_AND_ROUTE,N002,RSL 93.6 h; sensory 7/16; gaps 0,YES
PGB-LMR-0325,lemuru,Sardinella lemuru,1025.0,whole_fresh,warm_auction_delay,0.0,168.0,N004,COMPLETE,N001,1.29,5.85,30.34,10.25,9.0,8.5,108.45,59.55,0,2.0,2.0,3.0,2.0,2.0,0,11.0,POOR,66.1,MANUAL_INSPECTION,N004,RSL 59.6 h; sensory 11/16; gaps 0,YES
PGB-LMR-0326,lemuru,Sardinella lemuru,1162.0,whole_fresh,reice_recovery,0.0,168.0,N005,COMPLETE,N001,0.89,2.8,21.96,6.75,4.0,2.5,82.31,85.69,0,1.0,2.0,2.0,1.0,1.0,0,7.0,CHECK,47.3,RE_ICE_AND_ROUTE,N005,RSL 85.7 h; sensory 7/16; gaps 0,YES
PGB-LMR-0327,lemuru,Sardinella lemuru,1299.0,frozen,logger_gap,0.0,168.0,N018,COMPLETE,N001,-18.1,-14.66,12.0,1.25,0.0,0.0,33.79,134.21,12,1.0,1.0,1.0,1.0,1.0,0,5.0,NORMAL,27.5,PROCESS_EXPORT_CANDIDATE,N018,RSL 134.2 h; sensory 5/16; gaps 12,YES
PGB-LMR-0328,lemuru,Sardinella lemuru,1436.0,frozen,freezer_transfer,0.0,168.0,N019,COMPLETE,N001,-18.1,-14.79,7.0,0.5,0.0,0.0,34.32,133.68,0,1.0,1.0,1.0,1.0,1.0,0,5.0,NORMAL,24.0,PROCESS_EXPORT_CANDIDATE,N019,RSL 133.7 h; sensory 5/16; gaps 0,YES
PGB-LMR-0329,lemuru,Sardinella lemuru,1573.0,processed,controlled_ice,0.0,168.0,N020,COMPLETE,N001,-18.1,-14.71,10.0,1.0,0.0,0.0,35.12,132.88,0,1.0,1.0,1.0,1.0,1.0,0,5.0,NORMAL,23.2,PROCESS_EXPORT_CANDIDATE,N020,RSL 132.9 h; sensory 5/16; gaps 0,YES
PGB-LMR-0330,lemuru,Sardinella lemuru,1710.0,whole_fresh,delayed_chilling_2h,0.0,168.0,N002,PARTIAL,N001,1.09,2.22,20.22,3.75,2.5,1.75,74.26,93.74,0,1.0,2.0,2.0,1.0,1.0,0,7.0,CHECK,43.1,RE_ICE_AND_ROUTE,N002,RSL 93.7 h; sensory 7/16; gaps 0,YES
PGB-LMR-0331,lemuru,Sardinella lemuru,1847.0,whole_fresh,melted_ice,0.0,168.0,N005,COMPLETE,N001,1.09,6.11,11.1,29.25,14.25,0.0,131.67,36.33,0,2.0,3.0,3.0,2.0,2.0,0,12.0,POOR,73.9,DOMESTIC_CHILLED,N005,RSL 36.3 h; sensory 12/16; gaps 0,YES
PGB-LMR-0332,lemuru,Sardinella lemuru,1984.0,whole_fresh,loading_excursion,0.0,168.0,N005,COMPLETE,N001,1.09,2.19,17.46,5.0,1.75,0.5,73.97,94.03,0,1.0,2.0,2.0,1.0,1.0,0,7.0,CHECK,42.5,RE_ICE_AND_ROUTE,N005,RSL 94 h; sensory 7/16; gaps 0,YES
PGB-LMR-0333,lemuru,Sardinella lemuru,301.0,whole_fresh,warm_auction_delay,0.0,168.0,N006,COMPLETE,N001,1.29,5.93,30.71,10.25,9.0,8.5,108.49,59.51,0,2.0,2.0,3.0,2.0,2.0,0,11.0,POOR,66.1,MANUAL_INSPECTION,N006,RSL 59.5 h; sensory 11/16; gaps 0,YES
PGB-LMR-0334,lemuru,Sardinella lemuru,438.0,whole_fresh,reice_recovery,0.0,168.0,N007,COMPLETE,N001,0.89,2.77,21.87,6.75,4.0,2.5,82.12,85.88,0,1.0,2.0,2.0,1.0,1.0,0,7.0,CHECK,47.2,RE_ICE_AND_ROUTE,N007,RSL 85.9 h; sensory 7/16; gaps 0,YES
PGB-LMR-0335,lemuru,Sardinella lemuru,575.0,whole_fresh,logger_gap,0.0,168.0,N008,COMPLETE,N001,1.49,1.86,12.0,1.5,0.0,0.0,63.32,104.68,12,1.0,1.0,2.0,1.0,1.0,0,6.0,CHECK,39.4,MANUAL_INSPECTION,N008,RSL 104.7 h; sensory 6/16; gaps 12,YES
PGB-LMR-0336,lemuru,Sardinella lemuru,712.0,whole_fresh,freezer_transfer,0.0,168.0,N002,PARTIAL,N001,1.49,1.74,7.0,0.75,0.0,0.0,65.93,102.07,0,1.0,1.0,1.0,1.0,1.0,0,5.0,NORMAL,34.3,HOLD_CHILLED,N002,RSL 102.1 h; sensory 5/16; gaps 0,YES
PGB-LMR-0337,lemuru,Sardinella lemuru,849.0,frozen,controlled_ice,0.0,168.0,N018,COMPLETE,N001,-18.1,-14.71,10.0,1.0,0.0,0.0,35.19,132.81,0,1.0,1.0,1.0,1.0,1.0,0,5.0,NORMAL,23.3,PROCESS_EXPORT_CANDIDATE,N018,RSL 132.8 h; sensory 5/16; gaps 0,YES
PGB-LMR-0338,lemuru,Sardinella lemuru,986.0,frozen,delayed_chilling_2h,0.0,168.0,N019,COMPLETE,N001,-18.1,-14.63,13.0,1.5,0.25,0.0,36.07,131.93,0,1.0,1.0,1.0,1.0,1.0,0,5.0,NORMAL,26.2,PROCESS_EXPORT_CANDIDATE,N019,RSL 131.9 h; sensory 5/16; gaps 0,YES
PGB-LMR-0339,lemuru,Sardinella lemuru,1123.0,processed,melted_ice,0.0,168.0,N020,COMPLETE,N001,-18.1,-14.76,8.0,0.75,0.0,0.0,34.64,133.36,0,1.0,1.0,1.0,1.0,1.0,0,5.0,NORMAL,26.8,PROCESS_EXPORT_CANDIDATE,N020,RSL 133.4 h; sensory 5/16; gaps 0,YES
PGB-LMR-0340,lemuru,Sardinella lemuru,1260.0,whole_fresh,loading_excursion,0.0,168.0,N007,COMPLETE,N001,1.09,2.18,17.0,5.0,1.75,0.5,73.76,94.24,0,1.0,2.0,2.0,1.0,1.0,0,7.0,CHECK,42.5,RE_ICE_AND_ROUTE,N007,RSL 94.2 h; sensory 7/16; gaps 0,YES
PGB-LMR-0341,lemuru,Sardinella lemuru,1397.0,whole_fresh,warm_auction_delay,0.0,168.0,N008,COMPLETE,N001,1.29,6.01,31.08,10.25,9.0,8.5,108.56,59.44,0,2.0,2.0,3.0,2.0,2.0,0,11.0,POOR,66.1,MANUAL_INSPECTION,N008,RSL 59.4 h; sensory 11/16; gaps 0,YES
PGB-LMR-0342,lemuru,Sardinella lemuru,1534.0,whole_fresh,reice_recovery,0.0,168.0,N002,PARTIAL,N001,0.89,2.77,21.75,6.75,3.75,2.5,82.05,85.95,0,1.0,2.0,2.0,1.0,1.0,0,7.0,CHECK,47.2,RE_ICE_AND_ROUTE,N002,RSL 86 h; sensory 7/16; gaps 0,YES
PGB-LMR-0343,lemuru,Sardinella lemuru,1671.0,whole_fresh,logger_gap,0.0,168.0,N004,COMPLETE,N001,1.49,1.86,12.0,1.5,0.0,0.0,63.29,104.71,12,1.0,1.0,2.0,1.0,1.0,0,6.0,CHECK,39.3,MANUAL_INSPECTION,N004,RSL 104.7 h; sensory 6/16; gaps 12,YES
PGB-LMR-0344,lemuru,Sardinella lemuru,1808.0,whole_fresh,freezer_transfer,0.0,168.0,N005,COMPLETE,N001,1.49,1.73,7.0,0.75,0.0,0.0,65.89,102.11,0,1.0,1.0,1.0,1.0,1.0,0,5.0,NORMAL,34.3,HOLD_CHILLED,N005,RSL 102.1 h; sensory 5/16; gaps 0,YES
PGB-LMR-0345,lemuru,Sardinella lemuru,1945.0,whole_fresh,controlled_ice,0.0,168.0,N006,COMPLETE,N001,1.09,1.42,10.0,1.0,0.0,0.0,62.38,105.62,0,1.0,1.0,1.0,1.0,1.0,0,5.0,NORMAL,32.2,HOLD_CHILLED,N006,RSL 105.6 h; sensory 5/16; gaps 0,YES
PGB-LMR-0346,lemuru,Sardinella lemuru,262.0,whole_fresh,delayed_chilling_2h,0.0,168.0,N007,COMPLETE,N001,1.09,2.25,20.78,3.75,2.5,1.75,74.44,93.56,0,1.0,2.0,2.0,1.0,1.0,0,7.0,CHECK,43.2,RE_ICE_AND_ROUTE,N007,RSL 93.6 h; sensory 7/16; gaps 0,YES
PGB-LMR-0347,lemuru,Sardinella lemuru,399.0,frozen,melted_ice,0.0,168.0,N018,COMPLETE,N001,-18.1,-14.76,8.0,0.75,0.0,0.0,34.58,133.42,0,1.0,1.0,1.0,1.0,1.0,0,5.0,NORMAL,26.8,PROCESS_EXPORT_CANDIDATE,N018,RSL 133.4 h; sensory 5/16; gaps 0,YES
PGB-LMR-0348,lemuru,Sardinella lemuru,536.0,frozen,loading_excursion,0.0,168.0,N019,PARTIAL,N001,-18.1,-14.68,11.0,1.25,0.0,0.0,35.41,132.59,0,1.0,1.0,1.0,1.0,1.0,0,5.0,NORMAL,25.5,PROCESS_EXPORT_CANDIDATE,N019,RSL 132.6 h; sensory 5/16; gaps 0,YES
PGB-LMR-0349,lemuru,Sardinella lemuru,673.0,processed,warm_auction_delay,0.0,168.0,N020,COMPLETE,N001,-18.1,-14.6,14.0,1.5,0.25,0.0,36.32,131.68,0,1.0,1.0,1.0,1.0,1.0,0,5.0,NORMAL,29.3,PROCESS_EXPORT_CANDIDATE,N020,RSL 131.7 h; sensory 5/16; gaps 0,YES
PGB-LMR-0350,lemuru,Sardinella lemuru,810.0,whole_fresh,reice_recovery,0.0,168.0,N005,COMPLETE,N001,0.89,2.96,23.98,6.75,4.0,3.25,83.34,84.66,0,1.0,2.0,2.0,1.0,1.0,0,7.0,CHECK,47.6,RE_ICE_AND_ROUTE,N005,RSL 84.7 h; sensory 7/16; gaps 0,YES
PGB-LMR-0351,lemuru,Sardinella lemuru,947.0,whole_fresh,logger_gap,0.0,168.0,N006,COMPLETE,N001,1.49,1.86,12.0,1.5,0.0,0.0,63.3,104.7,12,1.0,1.0,2.0,1.0,1.0,0,6.0,CHECK,39.3,MANUAL_INSPECTION,N006,RSL 104.7 h; sensory 6/16; gaps 12,YES
PGB-LMR-0352,lemuru,Sardinella lemuru,1084.0,whole_fresh,freezer_transfer,0.0,168.0,N007,COMPLETE,N001,1.49,1.74,7.0,0.75,0.0,0.0,65.91,102.09,0,1.0,1.0,1.0,1.0,1.0,0,5.0,NORMAL,34.3,HOLD_CHILLED,N007,RSL 102.1 h; sensory 5/16; gaps 0,YES
PGB-LMR-0353,lemuru,Sardinella lemuru,1221.0,whole_fresh,controlled_ice,0.0,168.0,N008,COMPLETE,N001,1.09,1.42,10.0,1.25,0.0,0.0,62.44,105.56,0,1.0,1.0,1.0,1.0,1.0,0,5.0,NORMAL,32.2,HOLD_CHILLED,N008,RSL 105.6 h; sensory 5/16; gaps 0,YES
PGB-LMR-0354,lemuru,Sardinella lemuru,1358.0,whole_fresh,delayed_chilling_2h,0.0,168.0,N002,PARTIAL,N001,1.09,2.27,21.29,3.75,2.5,1.75,74.58,93.42,0,1.0,2.0,2.0,1.0,1.0,0,7.0,CHECK,43.2,RE_ICE_AND_ROUTE,N002,RSL 93.4 h; sensory 7/16; gaps 0,YES
PGB-LMR-0355,lemuru,Sardinella lemuru,1495.0,whole_fresh,melted_ice,0.0,168.0,N005,COMPLETE,N001,1.09,6.12,11.1,29.0,14.5,0.0,131.79,36.21,0,2.0,3.0,3.0,2.0,2.0,0,12.0,POOR,73.9,DOMESTIC_CHILLED,N005,RSL 36.2 h; sensory 12/16; gaps 0,YES
PGB-LMR-0356,lemuru,Sardinella lemuru,1632.0,whole_fresh,loading_excursion,0.0,168.0,N005,COMPLETE,N001,1.09,2.14,16.19,5.0,1.75,0.25,73.22,94.78,0,1.0,2.0,2.0,1.0,1.0,0,7.0,CHECK,42.3,RE_ICE_AND_ROUTE,N005,RSL 94.8 h; sensory 7/16; gaps 0,YES
PGB-LMR-0357,lemuru,Sardinella lemuru,1769.0,frozen,warm_auction_delay,0.0,168.0,N018,COMPLETE,N001,-18.1,-14.6,14.0,1.5,0.25,0.0,36.38,131.62,0,1.0,1.0,1.0,1.0,1.0,0,5.0,NORMAL,29.3,PROCESS_EXPORT_CANDIDATE,N018,RSL 131.6 h; sensory 5/16; gaps 0,YES
PGB-LMR-0358,lemuru,Sardinella lemuru,1906.0,frozen,reice_recovery,0.0,168.0,N019,COMPLETE,N001,-18.1,-14.73,9.0,1.0,0.0,0.0,34.9,133.1,0,1.0,1.0,1.0,1.0,1.0,0,5.0,NORMAL,27.4,PROCESS_EXPORT_CANDIDATE,N019,RSL 133.1 h; sensory 5/16; gaps 0,YES
PGB-LMR-0359,lemuru,Sardinella lemuru,223.0,processed,logger_gap,0.0,168.0,N020,COMPLETE,N001,-18.1,-14.66,12.0,1.25,0.0,0.0,33.82,134.18,12,1.0,1.0,1.0,1.0,1.0,0,5.0,NORMAL,27.5,PROCESS_EXPORT_CANDIDATE,N020,RSL 134.2 h; sensory 5/16; gaps 12,YES
PGB-LMR-0360,lemuru,Sardinella lemuru,360.0,whole_fresh,freezer_transfer,0.0,168.0,N002,PARTIAL,N001,1.49,1.73,7.0,0.75,0.0,0.0,65.9,102.1,0,1.0,1.0,1.0,1.0,1.0,0,5.0,NORMAL,34.3,HOLD_CHILLED,N002,RSL 102.1 h; sensory 5/16; gaps 0,YES
PGB-LMR-0361,lemuru,Sardinella lemuru,497.0,whole_fresh,controlled_ice,12.0,168.0,N004,COMPLETE,N001,1.09,1.42,10.0,1.0,0.0,0.0,74.39,93.61,0,1.0,2.0,2.0,1.0,1.0,0,7.0,CHECK,40.5,RE_ICE_AND_ROUTE,N004,RSL 93.6 h; sensory 7/16; gaps 0,YES
PGB-LMR-0362,lemuru,Sardinella lemuru,634.0,whole_fresh,delayed_chilling_2h,12.0,168.0,N005,COMPLETE,N001,1.09,2.28,21.56,3.75,2.5,1.75,86.69,81.31,0,2.0,2.0,2.0,2.0,1.0,0,9.0,CHECK,51.6,RE_ICE_AND_ROUTE,N005,RSL 81.3 h; sensory 9/16; gaps 0,YES
PGB-LMR-0363,lemuru,Sardinella lemuru,771.0,whole_fresh,melted_ice,12.0,168.0,N006,COMPLETE,N001,1.09,6.11,11.1,29.25,14.5,0.0,143.68,24.32,0,3.0,3.0,3.0,3.0,2.0,0,14.0,POOR,82.2,LOCAL_FRESH_ONLY,N006,RSL 24.3 h; sensory 14/16; gaps 0,YES
PGB-LMR-0364,lemuru,Sardinella lemuru,908.0,whole_fresh,loading_excursion,12.0,168.0,N007,COMPLETE,N001,1.09,2.25,18.75,5.0,1.75,1.0,86.67,81.33,0,2.0,2.0,2.0,2.0,1.0,0,9.0,CHECK,51.1,RE_ICE_AND_ROUTE,N007,RSL 81.3 h; sensory 9/16; gaps 0,YES
PGB-LMR-0365,lemuru,Sardinella lemuru,1045.0,whole_fresh,warm_auction_delay,12.0,168.0,N008,COMPLETE,N001,1.29,5.66,29.04,10.25,9.0,8.5,120.23,47.77,0,2.0,2.0,3.0,2.0,2.0,0,11.0,POOR,69.9,MANUAL_INSPECTION,N008,RSL 47.8 h; sensory 11/16; gaps 0,YES
PGB-LMR-0366,lemuru,Sardinella lemuru,1182.0,whole_fresh,reice_recovery,12.0,168.0,N002,PARTIAL,N001,0.89,2.86,22.85,6.75,4.0,2.75,94.75,73.25,0,2.0,2.0,2.0,2.0,2.0,0,10.0,CHECK,57.9,RE_ICE_AND_ROUTE,N002,RSL 73.3 h; sensory 10/16; gaps 0,YES
PGB-LMR-0367,lemuru,Sardinella lemuru,1319.0,frozen,logger_gap,12.0,168.0,N018,COMPLETE,N001,-18.1,-14.66,12.0,1.25,0.0,0.0,45.8,122.2,12,1.0,1.0,1.0,1.0,1.0,0,5.0,NORMAL,31.4,PROCESS_EXPORT_CANDIDATE,N018,RSL 122.2 h; sensory 5/16; gaps 12,YES
PGB-LMR-0368,lemuru,Sardinella lemuru,1456.0,frozen,freezer_transfer,12.0,168.0,N019,COMPLETE,N001,-18.1,-14.79,7.0,0.5,0.0,0.0,46.35,121.65,0,1.0,1.0,1.0,1.0,1.0,0,5.0,NORMAL,27.9,PROCESS_EXPORT_CANDIDATE,N019,RSL 121.6 h; sensory 5/16; gaps 0,YES
PGB-LMR-0369,lemuru,Sardinella lemuru,1593.0,processed,controlled_ice,12.0,168.0,N020,COMPLETE,N001,-18.1,-14.71,10.0,1.0,0.0,0.0,47.17,120.83,0,1.0,1.0,1.0,1.0,1.0,0,5.0,NORMAL,27.2,PROCESS_EXPORT_CANDIDATE,N020,RSL 120.8 h; sensory 5/16; gaps 0,YES
PGB-LMR-0370,lemuru,Sardinella lemuru,1730.0,whole_fresh,delayed_chilling_2h,12.0,168.0,N007,COMPLETE,N001,1.09,2.31,22.14,3.75,2.5,1.75,86.82,81.18,0,2.0,2.0,2.0,2.0,1.0,0,9.0,CHECK,51.6,RE_ICE_AND_ROUTE,N007,RSL 81.2 h; sensory 9/16; gaps 0,YES
PGB-LMR-0371,lemuru,Sardinella lemuru,1867.0,whole_fresh,melted_ice,12.0,168.0,N008,COMPLETE,N001,1.1,6.12,11.1,28.75,14.25,0.0,143.77,24.23,0,3.0,3.0,3.0,3.0,2.0,0,14.0,POOR,82.2,LOCAL_FRESH_ONLY,N008,RSL 24.2 h; sensory 14/16; gaps 0,YES
PGB-LMR-0372,lemuru,Sardinella lemuru,184.0,whole_fresh,loading_excursion,12.0,168.0,N002,PARTIAL,N001,1.09,2.24,18.25,5.0,1.75,0.75,86.63,81.37,0,2.0,2.0,2.0,2.0,1.0,0,9.0,CHECK,51.0,RE_ICE_AND_ROUTE,N002,RSL 81.4 h; sensory 9/16; gaps 0,YES
PGB-LMR-0373,lemuru,Sardinella lemuru,321.0,whole_fresh,warm_auction_delay,12.0,168.0,N004,COMPLETE,N001,1.29,5.76,29.88,10.25,9.0,8.5,120.35,47.65,0,2.0,2.0,3.0,2.0,2.0,0,11.0,POOR,70.0,MANUAL_INSPECTION,N004,RSL 47.7 h; sensory 11/16; gaps 0,YES
PGB-LMR-0374,lemuru,Sardinella lemuru,458.0,whole_fresh,reice_recovery,12.0,168.0,N005,COMPLETE,N001,0.89,2.83,22.21,6.75,4.0,2.75,94.6,73.4,0,2.0,2.0,2.0,2.0,2.0,0,10.0,CHECK,57.8,RE_ICE_AND_ROUTE,N005,RSL 73.4 h; sensory 10/16; gaps 0,YES
PGB-LMR-0375,lemuru,Sardinella lemuru,595.0,whole_fresh,logger_gap,12.0,168.0,N006,COMPLETE,N001,1.49,1.86,12.0,1.5,0.0,0.0,75.34,92.66,12,1.0,2.0,2.0,1.0,1.0,0,7.0,CHECK,45.5,MANUAL_INSPECTION,N006,RSL 92.7 h; sensory 7/16; gaps 12,YES
PGB-LMR-0376,lemuru,Sardinella lemuru,732.0,whole_fresh,freezer_transfer,12.0,168.0,N007,COMPLETE,N001,1.49,1.74,7.0,0.75,0.0,0.0,77.92,90.08,0,1.0,2.0,2.0,1.0,1.0,0,7.0,CHECK,42.6,RE_ICE_AND_ROUTE,N007,RSL 90.1 h; sensory 7/16; gaps 0,YES
PGB-LMR-0377,lemuru,Sardinella lemuru,869.0,frozen,controlled_ice,12.0,168.0,N018,COMPLETE,N001,-18.1,-14.71,10.0,1.0,0.0,0.0,47.15,120.85,0,1.0,1.0,1.0,1.0,1.0,0,5.0,NORMAL,27.2,PROCESS_EXPORT_CANDIDATE,N018,RSL 120.9 h; sensory 5/16; gaps 0,YES
PGB-LMR-0378,lemuru,Sardinella lemuru,1006.0,frozen,delayed_chilling_2h,12.0,168.0,N019,PARTIAL,N001,-18.1,-14.63,13.0,1.25,0.25,0.0,48.02,119.98,0,1.0,1.0,1.0,1.0,1.0,0,5.0,NORMAL,30.2,PROCESS_EXPORT_CANDIDATE,N019,RSL 120 h; sensory 5/16; gaps 0,YES
PGB-LMR-0379,lemuru,Sardinella lemuru,1143.0,processed,melted_ice,12.0,168.0,N020,COMPLETE,N001,-18.1,-14.76,8.0,0.75,0.0,0.0,46.58,121.42,0,1.0,1.0,1.0,1.0,1.0,0,5.0,NORMAL,30.7,PROCESS_EXPORT_CANDIDATE,N020,RSL 121.4 h; sensory 5/16; gaps 0,YES
PGB-LMR-0380,lemuru,Sardinella lemuru,1280.0,whole_fresh,loading_excursion,12.0,168.0,N005,COMPLETE,N001,1.09,2.21,18.0,5.0,1.75,0.75,86.23,81.77,0,2.0,2.0,2.0,2.0,1.0,0,9.0,CHECK,50.9,RE_ICE_AND_ROUTE,N005,RSL 81.8 h; sensory 9/16; gaps 0,YES
PGB-LMR-0381,lemuru,Sardinella lemuru,1417.0,whole_fresh,warm_auction_delay,12.0,168.0,N006,COMPLETE,N001,1.29,5.84,30.22,10.25,9.0,8.5,120.43,47.57,0,2.0,2.0,3.0,2.0,2.0,0,11.0,POOR,70.0,MANUAL_INSPECTION,N006,RSL 47.6 h; sensory 11/16; gaps 0,YES
PGB-LMR-0382,lemuru,Sardinella lemuru,1554.0,whole_fresh,reice_recovery,12.0,168.0,N007,COMPLETE,N001,0.89,2.79,22.09,6.75,4.0,2.75,94.25,73.75,0,2.0,2.0,2.0,2.0,2.0,0,10.0,CHECK,57.7,RE_ICE_AND_ROUTE,N007,RSL 73.8 h; sensory 10/16; gaps 0,YES
PGB-LMR-0383,lemuru,Sardinella lemuru,1691.0,whole_fresh,logger_gap,12.0,168.0,N008,COMPLETE,N001,1.49,1.86,12.0,1.5,0.0,0.0,75.26,92.74,12,1.0,2.0,2.0,1.0,1.0,0,7.0,CHECK,45.5,MANUAL_INSPECTION,N008,RSL 92.7 h; sensory 7/16; gaps 12,YES
PGB-LMR-0384,lemuru,Sardinella lemuru,1828.0,whole_fresh,freezer_transfer,12.0,168.0,N002,PARTIAL,N001,1.49,1.73,7.0,0.75,0.0,0.0,77.88,90.12,0,1.0,2.0,2.0,1.0,1.0,0,7.0,CHECK,42.6,RE_ICE_AND_ROUTE,N002,RSL 90.1 h; sensory 7/16; gaps 0,YES
PGB-LMR-0385,lemuru,Sardinella lemuru,1965.0,whole_fresh,controlled_ice,12.0,168.0,N004,COMPLETE,N001,1.09,1.42,10.0,1.25,0.0,0.0,74.41,93.59,0,1.0,2.0,2.0,1.0,1.0,0,7.0,CHECK,40.5,RE_ICE_AND_ROUTE,N004,RSL 93.6 h; sensory 7/16; gaps 0,YES
PGB-LMR-0386,lemuru,Sardinella lemuru,282.0,whole_fresh,delayed_chilling_2h,12.0,168.0,N005,COMPLETE,N001,1.09,2.23,20.33,3.75,2.5,1.75,86.27,81.73,0,2.0,2.0,2.0,2.0,1.0,0,9.0,CHECK,51.4,RE_ICE_AND_ROUTE,N005,RSL 81.7 h; sensory 9/16; gaps 0,YES
PGB-LMR-0387,lemuru,Sardinella lemuru,419.0,frozen,melted_ice,12.0,168.0,N018,COMPLETE,N001,-18.1,-14.76,8.0,0.75,0.0,0.0,46.64,121.36,0,1.0,1.0,1.0,1.0,1.0,0,5.0,NORMAL,30.7,PROCESS_EXPORT_CANDIDATE,N018,RSL 121.4 h; sensory 5/16; gaps 0,YES
PGB-LMR-0388,lemuru,Sardinella lemuru,556.0,frozen,loading_excursion,12.0,168.0,N019,COMPLETE,N001,-18.1,-14.68,11.0,1.25,0.0,0.0,47.47,120.53,0,1.0,1.0,1.0,1.0,1.0,0,5.0,NORMAL,29.5,PROCESS_EXPORT_CANDIDATE,N019,RSL 120.5 h; sensory 5/16; gaps 0,YES
PGB-LMR-0389,lemuru,Sardinella lemuru,693.0,processed,warm_auction_delay,12.0,168.0,N020,COMPLETE,N001,-18.1,-14.6,14.0,1.5,0.25,0.0,48.39,119.61,0,1.0,1.0,1.0,1.0,1.0,0,5.0,NORMAL,33.3,PROCESS_EXPORT_CANDIDATE,N020,RSL 119.6 h; sensory 5/16; gaps 0,YES
PGB-LMR-0390,lemuru,Sardinella lemuru,830.0,whole_fresh,reice_recovery,12.0,168.0,N002,PARTIAL,N001,0.89,2.78,21.72,6.75,4.0,2.5,94.19,73.81,0,2.0,2.0,2.0,2.0,2.0,0,10.0,CHECK,57.7,RE_ICE_AND_ROUTE,N002,RSL 73.8 h; sensory 10/16; gaps 0,YES
PGB-LMR-0391,lemuru,Sardinella lemuru,967.0,whole_fresh,logger_gap,12.0,168.0,N004,COMPLETE,N001,1.49,1.86,12.0,1.5,0.0,0.0,75.35,92.65,12,1.0,2.0,2.0,1.0,1.0,0,7.0,CHECK,45.5,MANUAL_INSPECTION,N004,RSL 92.6 h; sensory 7/16; gaps 12,YES
PGB-LMR-0392,lemuru,Sardinella lemuru,1104.0,whole_fresh,freezer_transfer,12.0,168.0,N005,COMPLETE,N001,1.49,1.74,7.0,0.75,0.0,0.0,77.93,90.07,0,1.0,2.0,2.0,1.0,1.0,0,7.0,CHECK,42.6,RE_ICE_AND_ROUTE,N005,RSL 90.1 h; sensory 7/16; gaps 0,YES
PGB-LMR-0393,lemuru,Sardinella lemuru,1241.0,whole_fresh,controlled_ice,12.0,168.0,N006,COMPLETE,N001,1.09,1.42,10.0,1.0,0.0,0.0,74.43,93.57,0,1.0,2.0,2.0,1.0,1.0,0,7.0,CHECK,40.5,RE_ICE_AND_ROUTE,N006,RSL 93.6 h; sensory 7/16; gaps 0,YES
PGB-LMR-0394,lemuru,Sardinella lemuru,1378.0,whole_fresh,delayed_chilling_2h,12.0,168.0,N007,COMPLETE,N001,1.09,2.24,20.39,3.75,2.5,1.75,86.38,81.62,0,2.0,2.0,2.0,2.0,1.0,0,9.0,CHECK,51.5,RE_ICE_AND_ROUTE,N007,RSL 81.6 h; sensory 9/16; gaps 0,YES
PGB-LMR-0395,lemuru,Sardinella lemuru,1515.0,whole_fresh,melted_ice,12.0,168.0,N008,COMPLETE,N001,1.09,6.11,11.1,29.0,14.75,0.0,143.71,24.29,0,3.0,3.0,3.0,3.0,2.0,0,14.0,POOR,82.2,LOCAL_FRESH_ONLY,N008,RSL 24.3 h; sensory 14/16; gaps 0,YES
PGB-LMR-0396,lemuru,Sardinella lemuru,1652.0,whole_fresh,loading_excursion,12.0,168.0,N002,PARTIAL,N001,1.09,2.17,17.11,5.0,1.75,0.5,85.64,82.36,0,2.0,2.0,2.0,2.0,1.0,0,9.0,CHECK,50.7,RE_ICE_AND_ROUTE,N002,RSL 82.4 h; sensory 9/16; gaps 0,YES
PGB-LMR-0397,lemuru,Sardinella lemuru,1789.0,frozen,warm_auction_delay,12.0,168.0,N018,COMPLETE,N001,-18.1,-14.6,14.0,1.5,0.25,0.0,48.31,119.69,0,1.0,1.0,1.0,1.0,1.0,0,5.0,NORMAL,33.3,PROCESS_EXPORT_CANDIDATE,N018,RSL 119.7 h; sensory 5/16; gaps 0,YES
PGB-LMR-0398,lemuru,Sardinella lemuru,1926.0,frozen,reice_recovery,12.0,168.0,N019,COMPLETE,N001,-18.1,-14.74,9.0,0.75,0.0,0.0,46.84,121.16,0,1.0,1.0,1.0,1.0,1.0,0,5.0,NORMAL,31.3,PROCESS_EXPORT_CANDIDATE,N019,RSL 121.2 h; sensory 5/16; gaps 0,YES
PGB-LMR-0399,lemuru,Sardinella lemuru,243.0,processed,logger_gap,12.0,168.0,N020,COMPLETE,N001,-18.1,-14.66,12.0,1.25,0.0,0.0,45.78,122.22,12,1.0,1.0,1.0,1.0,1.0,0,5.0,NORMAL,31.4,PROCESS_EXPORT_CANDIDATE,N020,RSL 122.2 h; sensory 5/16; gaps 12,YES
PGB-LMR-0400,lemuru,Sardinella lemuru,380.0,whole_fresh,freezer_transfer,12.0,168.0,N007,COMPLETE,N001,1.49,1.73,7.0,0.75,0.0,0.0,77.87,90.13,0,1.0,2.0,2.0,1.0,1.0,0,7.0,CHECK,42.6,RE_ICE_AND_ROUTE,N007,RSL 90.1 h; sensory 7/16; gaps 0,YES
PGB-LMR-0401,lemuru,Sardinella lemuru,517.0,whole_fresh,controlled_ice,24.0,168.0,N008,COMPLETE,N001,1.09,1.42,10.0,1.0,0.0,0.0,86.39,81.61,0,2.0,2.0,2.0,2.0,1.0,0,9.0,CHECK,48.8,RE_ICE_AND_ROUTE,N008,RSL 81.6 h; sensory 9/16; gaps 0,YES
PGB-LMR-0402,lemuru,Sardinella lemuru,654.0,whole_fresh,delayed_chilling_2h,24.0,168.0,N002,PARTIAL,N001,1.09,2.25,20.93,3.75,2.5,1.75,98.44,69.56,0,2.0,2.0,2.0,2.0,2.0,0,10.0,CHECK,57.6,RE_ICE_AND_ROUTE,N002,RSL 69.6 h; sensory 10/16; gaps 0,YES
PGB-LMR-0403,lemuru,Sardinella lemuru,791.0,whole_fresh,melted_ice,24.0,168.0,N004,COMPLETE,N001,1.09,6.12,11.1,28.75,14.25,0.0,155.74,12.26,0,3.0,3.0,3.0,3.0,3.0,0,15.0,POOR,88.3,LOCAL_FRESH_ONLY,N004,RSL 12.3 h; sensory 15/16; gaps 0,YES
PGB-LMR-0404,lemuru,Sardinella lemuru,928.0,whole_fresh,loading_excursion,24.0,168.0,N005,COMPLETE,N001,1.09,2.16,16.49,4.75,1.75,0.5,97.47,70.53,0,2.0,2.0,2.0,2.0,2.0,0,10.0,CHECK,56.8,RE_ICE_AND_ROUTE,N005,RSL 70.5 h; sensory 10/16; gaps 0,YES
PGB-LMR-0405,lemuru,Sardinella lemuru,1065.0,whole_fresh,warm_auction_delay,24.0,168.0,N006,COMPLETE,N001,1.29,6.07,31.22,10.25,9.0,8.5,132.56,35.44,0,2.0,3.0,3.0,2.0,2.0,0,12.0,POOR,76.1,MANUAL_INSPECTION,N006,RSL 35.4 h; sensory 12/16; gaps 0,YES
PGB-LMR-0406,lemuru,Sardinella lemuru,1202.0,whole_fresh,reice_recovery,24.0,168.0,N007,COMPLETE,N001,0.89,2.96,23.82,7.0,4.25,3.0,107.47,60.53,0,2.0,2.0,2.0,2.0,2.0,0,10.0,CHECK,62.1,RE_ICE_AND_ROUTE,N007,RSL 60.5 h; sensory 10/16; gaps 0,YES
PGB-LMR-0407,lemuru,Sardinella lemuru,1339.0,frozen,logger_gap,24.0,168.0,N018,COMPLETE,N001,-18.1,-14.65,12.0,1.25,0.0,0.0,57.85,110.15,12,1.0,1.0,1.0,1.0,1.0,0,5.0,NORMAL,35.4,PROCESS_EXPORT_CANDIDATE,N018,RSL 110.1 h; sensory 5/16; gaps 12,YES
PGB-LMR-0408,lemuru,Sardinella lemuru,1476.0,frozen,freezer_transfer,24.0,168.0,N019,PARTIAL,N001,-18.1,-14.79,7.0,0.75,0.0,0.0,58.37,109.63,0,1.0,1.0,1.0,1.0,1.0,0,5.0,NORMAL,31.8,PROCESS_EXPORT_CANDIDATE,N019,RSL 109.6 h; sensory 5/16; gaps 0,YES
PGB-LMR-0409,lemuru,Sardinella lemuru,1613.0,processed,controlled_ice,24.0,168.0,N020,COMPLETE,N001,-18.1,-14.71,10.0,1.0,0.0,0.0,59.17,108.83,0,1.0,1.0,1.0,1.0,1.0,0,5.0,NORMAL,31.1,PROCESS_EXPORT_CANDIDATE,N020,RSL 108.8 h; sensory 5/16; gaps 0,YES
PGB-LMR-0410,lemuru,Sardinella lemuru,1750.0,whole_fresh,delayed_chilling_2h,24.0,168.0,N005,COMPLETE,N001,1.09,2.27,21.13,3.75,2.5,1.75,98.6,69.4,0,2.0,2.0,2.0,2.0,2.0,0,10.0,CHECK,57.7,RE_ICE_AND_ROUTE,N005,RSL 69.4 h; sensory 10/16; gaps 0,YES
PGB-LMR-0411,lemuru,Sardinella lemuru,1887.0,whole_fresh,melted_ice,24.0,168.0,N006,COMPLETE,N001,1.1,6.11,11.1,29.0,14.75,0.0,155.73,12.27,0,3.0,3.0,3.0,3.0,3.0,0,15.0,POOR,88.3,LOCAL_FRESH_ONLY,N006,RSL 12.3 h; sensory 15/16; gaps 0,YES
PGB-LMR-0412,lemuru,Sardinella lemuru,204.0,whole_fresh,loading_excursion,24.0,168.0,N007,COMPLETE,N001,1.09,2.14,16.34,4.75,1.75,0.5,97.12,70.88,0,2.0,2.0,2.0,2.0,2.0,0,10.0,CHECK,56.7,RE_ICE_AND_ROUTE,N007,RSL 70.9 h; sensory 10/16; gaps 0,YES
PGB-LMR-0413,lemuru,Sardinella lemuru,341.0,whole_fresh,warm_auction_delay,24.0,168.0,N008,COMPLETE,N001,1.29,5.58,28.37,10.0,8.75,8.25,132.12,35.88,0,2.0,3.0,3.0,2.0,2.0,0,12.0,POOR,76.0,MANUAL_INSPECTION,N008,RSL 35.9 h; sensory 12/16; gaps 0,YES
PGB-LMR-0414,lemuru,Sardinella lemuru,478.0,whole_fresh,reice_recovery,24.0,168.0,N002,PARTIAL,N001,0.89,2.91,23.38,7.0,4.0,3.0,107.03,60.97,0,2.0,2.0,2.0,2.0,2.0,0,10.0,CHECK,61.9,RE_ICE_AND_ROUTE,N002,RSL 61 h; sensory 10/16; gaps 0,YES
PGB-LMR-0415,lemuru,Sardinella lemuru,615.0,whole_fresh,logger_gap,24.0,168.0,N004,COMPLETE,N001,1.49,1.86,12.0,1.5,0.0,0.0,87.24,80.76,12,2.0,2.0,2.0,2.0,1.0,0,9.0,CHECK,53.7,MANUAL_INSPECTION,N004,RSL 80.8 h; sensory 9/16; gaps 12,YES
PGB-LMR-0416,lemuru,Sardinella lemuru,752.0,whole_fresh,freezer_transfer,24.0,168.0,N005,COMPLETE,N001,1.49,1.73,7.0,0.75,0.0,0.0,89.86,78.14,0,2.0,2.0,2.0,2.0,1.0,0,9.0,CHECK,50.9,RE_ICE_AND_ROUTE,N005,RSL 78.1 h; sensory 9/16; gaps 0,YES
PGB-LMR-0417,lemuru,Sardinella lemuru,889.0,frozen,controlled_ice,24.0,168.0,N018,COMPLETE,N001,-18.1,-14.71,10.0,1.0,0.0,0.0,59.13,108.87,0,1.0,1.0,1.0,1.0,1.0,0,5.0,NORMAL,31.1,PROCESS_EXPORT_CANDIDATE,N018,RSL 108.9 h; sensory 5/16; gaps 0,YES
PGB-LMR-0418,lemuru,Sardinella lemuru,1026.0,frozen,delayed_chilling_2h,24.0,168.0,N019,COMPLETE,N001,-18.1,-14.63,13.0,1.5,0.25,0.0,60.02,107.98,0,1.0,1.0,1.0,1.0,1.0,0,5.0,NORMAL,34.1,PROCESS_EXPORT_CANDIDATE,N019,RSL 108 h; sensory 5/16; gaps 0,YES
PGB-LMR-0419,lemuru,Sardinella lemuru,1163.0,processed,melted_ice,24.0,168.0,N020,COMPLETE,N001,-18.1,-14.76,8.0,0.75,0.0,0.0,58.61,109.39,0,1.0,1.0,1.0,1.0,1.0,0,5.0,NORMAL,34.6,PROCESS_EXPORT_CANDIDATE,N020,RSL 109.4 h; sensory 5/16; gaps 0,YES
PGB-LMR-0420,lemuru,Sardinella lemuru,1300.0,whole_fresh,loading_excursion,24.0,168.0,N002,PARTIAL,N001,1.09,2.25,18.6,5.0,1.75,0.75,98.78,69.22,0,2.0,2.0,2.0,2.0,2.0,0,10.0,CHECK,57.2,RE_ICE_AND_ROUTE,N002,RSL 69.2 h; sensory 10/16; gaps 0,YES
PGB-LMR-0421,lemuru,Sardinella lemuru,1437.0,whole_fresh,warm_auction_delay,24.0,168.0,N004,COMPLETE,N001,1.29,5.67,29.21,10.25,8.75,8.5,132.23,35.77,0,2.0,3.0,3.0,2.0,2.0,0,12.0,POOR,76.0,MANUAL_INSPECTION,N004,RSL 35.8 h; sensory 12/16; gaps 0,YES
PGB-LMR-0422,lemuru,Sardinella lemuru,1574.0,whole_fresh,reice_recovery,24.0,168.0,N005,COMPLETE,N001,0.89,2.87,22.69,6.75,4.0,2.75,106.87,61.13,0,2.0,2.0,2.0,2.0,2.0,0,10.0,CHECK,61.9,RE_ICE_AND_ROUTE,N005,RSL 61.1 h; sensory 10/16; gaps 0,YES
PGB-LMR-0423,lemuru,Sardinella lemuru,1711.0,whole_fresh,logger_gap,24.0,168.0,N006,COMPLETE,N001,1.49,1.86,12.0,1.5,0.0,0.0,87.36,80.64,12,2.0,2.0,2.0,2.0,1.0,0,9.0,CHECK,53.8,MANUAL_INSPECTION,N006,RSL 80.6 h; sensory 9/16; gaps 12,YES
PGB-LMR-0424,lemuru,Sardinella lemuru,1848.0,whole_fresh,freezer_transfer,24.0,168.0,N007,COMPLETE,N001,1.49,1.74,7.0,0.75,0.0,0.0,89.95,78.05,0,2.0,2.0,2.0,2.0,1.0,0,9.0,CHECK,50.9,RE_ICE_AND_ROUTE,N007,RSL 78.1 h; sensory 9/16; gaps 0,YES
PGB-LMR-0425,lemuru,Sardinella lemuru,1985.0,whole_fresh,controlled_ice,24.0,168.0,N008,COMPLETE,N001,1.09,1.42,10.0,1.0,0.0,0.0,86.45,81.55,0,2.0,2.0,2.0,2.0,1.0,0,9.0,CHECK,48.8,RE_ICE_AND_ROUTE,N008,RSL 81.5 h; sensory 9/16; gaps 0,YES
PGB-LMR-0426,lemuru,Sardinella lemuru,302.0,whole_fresh,delayed_chilling_2h,24.0,168.0,N002,PARTIAL,N001,1.09,2.31,21.97,3.75,2.5,1.75,98.86,69.14,0,2.0,2.0,2.0,2.0,2.0,0,10.0,CHECK,57.7,RE_ICE_AND_ROUTE,N002,RSL 69.1 h; sensory 10/16; gaps 0,YES
PGB-LMR-0427,lemuru,Sardinella lemuru,439.0,frozen,melted_ice,24.0,168.0,N018,COMPLETE,N001,-18.1,-14.76,8.0,0.75,0.0,0.0,58.61,109.39,0,1.0,1.0,1.0,1.0,1.0,0,5.0,NORMAL,34.6,PROCESS_EXPORT_CANDIDATE,N018,RSL 109.4 h; sensory 5/16; gaps 0,YES
PGB-LMR-0428,lemuru,Sardinella lemuru,576.0,frozen,loading_excursion,24.0,168.0,N019,COMPLETE,N001,-18.1,-14.68,11.0,1.25,0.0,0.0,59.43,108.57,0,1.0,1.0,1.0,1.0,1.0,0,5.0,NORMAL,33.4,PROCESS_EXPORT_CANDIDATE,N019,RSL 108.6 h; sensory 5/16; gaps 0,YES
PGB-LMR-0429,lemuru,Sardinella lemuru,713.0,processed,warm_auction_delay,24.0,168.0,N020,COMPLETE,N001,-18.1,-14.6,14.0,1.5,0.25,0.0,60.33,107.67,0,1.0,1.0,2.0,1.0,1.0,0,6.0,CHECK,39.4,PROCESS_EXPORT_CANDIDATE,N020,RSL 107.7 h; sensory 6/16; gaps 0,YES
PGB-LMR-0430,lemuru,Sardinella lemuru,850.0,whole_fresh,reice_recovery,24.0,168.0,N007,COMPLETE,N001,0.89,2.82,22.36,6.75,4.0,2.75,106.48,61.52,0,2.0,2.0,2.0,2.0,2.0,0,10.0,CHECK,61.7,RE_ICE_AND_ROUTE,N007,RSL 61.5 h; sensory 10/16; gaps 0,YES
PGB-LMR-0431,lemuru,Sardinella lemuru,987.0,whole_fresh,logger_gap,24.0,168.0,N008,COMPLETE,N001,1.49,1.86,12.0,1.5,0.0,0.0,87.24,80.76,12,2.0,2.0,2.0,2.0,1.0,0,9.0,CHECK,53.7,MANUAL_INSPECTION,N008,RSL 80.8 h; sensory 9/16; gaps 12,YES
PGB-LMR-0432,lemuru,Sardinella lemuru,1124.0,whole_fresh,freezer_transfer,24.0,168.0,N002,PARTIAL,N001,1.49,1.73,7.0,0.75,0.0,0.0,89.86,78.14,0,2.0,2.0,2.0,2.0,1.0,0,9.0,CHECK,50.9,RE_ICE_AND_ROUTE,N002,RSL 78.1 h; sensory 9/16; gaps 0,YES
PGB-LMR-0433,lemuru,Sardinella lemuru,1261.0,whole_fresh,controlled_ice,24.0,168.0,N004,COMPLETE,N001,1.09,1.42,10.0,1.0,0.0,0.0,86.37,81.63,0,2.0,2.0,2.0,2.0,1.0,0,9.0,CHECK,48.8,RE_ICE_AND_ROUTE,N004,RSL 81.6 h; sensory 9/16; gaps 0,YES
PGB-LMR-0434,lemuru,Sardinella lemuru,1398.0,whole_fresh,delayed_chilling_2h,24.0,168.0,N005,COMPLETE,N001,1.09,2.22,20.12,3.75,2.5,1.75,98.21,69.79,0,2.0,2.0,2.0,2.0,2.0,0,10.0,CHECK,57.5,RE_ICE_AND_ROUTE,N005,RSL 69.8 h; sensory 10/16; gaps 0,YES
PGB-LMR-0435,lemuru,Sardinella lemuru,1535.0,whole_fresh,melted_ice,24.0,168.0,N006,COMPLETE,N001,1.09,6.11,11.1,29.25,14.25,0.0,155.7,12.3,0,3.0,3.0,3.0,3.0,3.0,0,15.0,POOR,88.3,LOCAL_FRESH_ONLY,N006,RSL 12.3 h; sensory 15/16; gaps 0,YES
PGB-LMR-0436,lemuru,Sardinella lemuru,1672.0,whole_fresh,loading_excursion,24.0,168.0,N007,COMPLETE,N001,1.09,2.22,17.84,5.0,1.75,0.75,98.31,69.69,0,2.0,2.0,2.0,2.0,2.0,0,10.0,CHECK,57.1,RE_ICE_AND_ROUTE,N007,RSL 69.7 h; sensory 10/16; gaps 0,YES
PGB-LMR-0437,lemuru,Sardinella lemuru,1809.0,frozen,warm_auction_delay,24.0,168.0,N018,COMPLETE,N001,-18.1,-14.6,14.0,1.5,0.25,0.0,60.36,107.64,0,1.0,1.0,2.0,1.0,1.0,0,6.0,CHECK,39.4,PROCESS_EXPORT_CANDIDATE,N018,RSL 107.6 h; sensory 6/16; gaps 0,YES
PGB-LMR-0438,lemuru,Sardinella lemuru,1946.0,frozen,reice_recovery,24.0,168.0,N019,PARTIAL,N001,-18.1,-14.73,9.0,1.0,0.0,0.0,58.9,109.1,0,1.0,1.0,1.0,1.0,1.0,0,5.0,NORMAL,35.2,PROCESS_EXPORT_CANDIDATE,N019,RSL 109.1 h; sensory 5/16; gaps 0,YES
PGB-LMR-0439,lemuru,Sardinella lemuru,263.0,processed,logger_gap,24.0,168.0,N020,COMPLETE,N001,-18.1,-14.65,12.0,1.25,0.0,0.0,57.85,110.15,12,1.0,1.0,1.0,1.0,1.0,0,5.0,NORMAL,35.4,PROCESS_EXPORT_CANDIDATE,N020,RSL 110.2 h; sensory 5/16; gaps 12,YES
PGB-LMR-0440,lemuru,Sardinella lemuru,400.0,whole_fresh,freezer_transfer,24.0,168.0,N005,COMPLETE,N001,1.49,1.74,7.0,0.75,0.0,0.0,89.95,78.05,0,2.0,2.0,2.0,2.0,1.0,0,9.0,CHECK,50.9,RE_ICE_AND_ROUTE,N005,RSL 78.1 h; sensory 9/16; gaps 0,YES
PGB-LMR-0441,lemuru,Sardinella lemuru,537.0,whole_fresh,controlled_ice,36.0,168.0,N006,COMPLETE,N001,1.09,1.42,10.0,1.25,0.0,0.0,98.46,69.54,0,2.0,2.0,2.0,2.0,2.0,0,10.0,CHECK,54.9,RE_ICE_AND_ROUTE,N006,RSL 69.5 h; sensory 10/16; gaps 0,YES
PGB-LMR-0442,lemuru,Sardinella lemuru,674.0,whole_fresh,delayed_chilling_2h,36.0,168.0,N008,COMPLETE,N001,1.09,2.23,20.18,3.75,2.5,1.75,110.32,57.68,0,2.0,2.0,2.0,2.0,2.0,0,10.0,CHECK,61.5,DOMESTIC_CHILLED,N008,RSL 57.7 h; sensory 10/16; gaps 0,YES
PGB-LMR-0443,lemuru,Sardinella lemuru,811.0,whole_fresh,melted_ice,36.0,168.0,N008,COMPLETE,N001,1.1,6.12,11.1,29.0,14.5,0.0,167.77,0.23,0,3.0,3.0,3.0,3.0,3.0,0,15.0,POOR,92.2,PROCESS_IMMEDIATELY,N008,RSL 0.2 h; sensory 15/16; gaps 0,YES
PGB-LMR-0444,lemuru,Sardinella lemuru,948.0,whole_fresh,loading_excursion,36.0,168.0,N004,PARTIAL,N001,1.09,2.2,17.52,5.0,1.75,0.5,110.02,57.98,0,2.0,2.0,2.0,2.0,2.0,0,10.0,CHECK,60.9,DOMESTIC_CHILLED,N004,RSL 58 h; sensory 10/16; gaps 0,YES
PGB-LMR-0445,lemuru,Sardinella lemuru,1085.0,whole_fresh,warm_auction_delay,36.0,168.0,N004,COMPLETE,N001,1.29,5.93,30.72,10.25,9.0,8.5,144.52,23.48,0,3.0,3.0,3.0,3.0,2.0,0,14.0,POOR,84.4,MANUAL_INSPECTION,N004,RSL 23.5 h; sensory 14/16; gaps 0,YES
PGB-LMR-0446,lemuru,Sardinella lemuru,1222.0,whole_fresh,reice_recovery,36.0,168.0,N006,COMPLETE,N001,0.89,2.77,21.83,6.75,4.0,2.5,118.1,49.9,0,2.0,2.0,3.0,2.0,2.0,0,11.0,POOR,67.7,DOMESTIC_CHILLED,N006,RSL 49.9 h; sensory 11/16; gaps 0,YES
PGB-LMR-0447,lemuru,Sardinella lemuru,1359.0,frozen,logger_gap,36.0,168.0,N018,COMPLETE,N001,-18.1,-14.66,12.0,1.25,0.0,0.0,69.78,98.22,12,1.0,2.0,2.0,1.0,1.0,0,7.0,CHECK,43.7,PROCESS_EXPORT_CANDIDATE,N018,RSL 98.2 h; sensory 7/16; gaps 12,YES
PGB-LMR-0448,lemuru,Sardinella lemuru,1496.0,frozen,freezer_transfer,36.0,168.0,N019,COMPLETE,N001,-18.1,-14.79,7.0,0.5,0.0,0.0,70.32,97.68,0,1.0,2.0,2.0,1.0,1.0,0,7.0,CHECK,40.1,PROCESS_EXPORT_CANDIDATE,N019,RSL 97.7 h; sensory 7/16; gaps 0,YES
PGB-LMR-0449,lemuru,Sardinella lemuru,1633.0,processed,controlled_ice,36.0,168.0,N020,COMPLETE,N001,-18.1,-14.71,10.0,1.0,0.0,0.0,71.12,96.88,0,1.0,2.0,2.0,1.0,1.0,0,7.0,CHECK,39.4,PROCESS_EXPORT_CANDIDATE,N020,RSL 96.9 h; sensory 7/16; gaps 0,YES
PGB-LMR-0450,lemuru,Sardinella lemuru,1770.0,whole_fresh,delayed_chilling_2h,36.0,168.0,N004,PARTIAL,N001,1.09,2.23,20.52,3.75,2.5,1.75,110.33,57.67,0,2.0,2.0,2.0,2.0,2.0,0,10.0,CHECK,61.5,DOMESTIC_CHILLED,N004,RSL 57.7 h; sensory 10/16; gaps 0,YES
PGB-LMR-0451,lemuru,Sardinella lemuru,1907.0,whole_fresh,melted_ice,36.0,168.0,N004,COMPLETE,N001,1.09,6.11,11.1,29.25,14.25,0.0,167.68,0.32,0,3.0,3.0,3.0,3.0,3.0,0,15.0,POOR,92.2,PROCESS_IMMEDIATELY,N004,RSL 0.3 h; sensory 15/16; gaps 0,YES
PGB-LMR-0452,lemuru,Sardinella lemuru,224.0,whole_fresh,loading_excursion,36.0,168.0,N006,COMPLETE,N001,1.09,2.17,16.97,4.75,1.75,0.5,109.69,58.31,0,2.0,2.0,2.0,2.0,2.0,0,10.0,CHECK,60.8,DOMESTIC_CHILLED,N006,RSL 58.3 h; sensory 10/16; gaps 0,YES
PGB-LMR-0453,lemuru,Sardinella lemuru,361.0,whole_fresh,warm_auction_delay,36.0,168.0,N006,COMPLETE,N001,1.29,6.01,31.03,10.25,9.0,8.5,144.54,23.46,0,3.0,3.0,3.0,3.0,2.0,0,14.0,POOR,84.4,MANUAL_INSPECTION,N006,RSL 23.5 h; sensory 14/16; gaps 0,YES
PGB-LMR-0454,lemuru,Sardinella lemuru,498.0,whole_fresh,reice_recovery,36.0,168.0,N008,COMPLETE,N001,0.89,2.77,21.81,6.75,4.0,2.5,118.05,49.95,0,2.0,2.0,3.0,2.0,2.0,0,11.0,POOR,67.7,DOMESTIC_CHILLED,N008,RSL 49.9 h; sensory 11/16; gaps 0,YES
PGB-LMR-0455,lemuru,Sardinella lemuru,635.0,whole_fresh,logger_gap,36.0,168.0,N008,COMPLETE,N001,1.49,1.86,12.0,1.5,0.0,0.0,99.34,68.66,12,2.0,2.0,2.0,2.0,2.0,0,10.0,CHECK,59.9,MANUAL_INSPECTION,N008,RSL 68.7 h; sensory 10/16; gaps 12,YES
PGB-LMR-0456,lemuru,Sardinella lemuru,772.0,whole_fresh,freezer_transfer,36.0,168.0,N002,PARTIAL,N001,1.49,1.74,7.0,0.75,0.0,0.0,101.94,66.06,0,2.0,2.0,2.0,2.0,2.0,0,10.0,CHECK,57.0,RE_ICE_AND_ROUTE,N002,RSL 66.1 h; sensory 10/16; gaps 0,YES
PGB-LMR-0457,lemuru,Sardinella lemuru,909.0,frozen,controlled_ice,36.0,168.0,N018,COMPLETE,N001,-18.1,-14.71,10.0,1.0,0.0,0.0,71.19,96.81,0,1.0,2.0,2.0,1.0,1.0,0,7.0,CHECK,39.4,PROCESS_EXPORT_CANDIDATE,N018,RSL 96.8 h; sensory 7/16; gaps 0,YES
PGB-LMR-0458,lemuru,Sardinella lemuru,1046.0,frozen,delayed_chilling_2h,36.0,168.0,N019,COMPLETE,N001,-18.1,-14.63,13.0,1.25,0.25,0.0,72.07,95.93,0,1.0,2.0,2.0,1.0,1.0,0,7.0,CHECK,42.4,PROCESS_EXPORT_CANDIDATE,N019,RSL 95.9 h; sensory 7/16; gaps 0,YES
PGB-LMR-0459,lemuru,Sardinella lemuru,1183.0,processed,melted_ice,36.0,168.0,N020,COMPLETE,N001,-18.1,-14.76,8.0,0.75,0.0,0.0,70.64,97.36,0,1.0,2.0,2.0,1.0,1.0,0,7.0,CHECK,42.9,PROCESS_EXPORT_CANDIDATE,N020,RSL 97.4 h; sensory 7/16; gaps 0,YES
PGB-LMR-0460,lemuru,Sardinella lemuru,1320.0,whole_fresh,loading_excursion,36.0,168.0,N008,COMPLETE,N001,1.09,2.16,16.62,5.0,1.75,0.5,109.45,58.55,0,2.0,2.0,2.0,2.0,2.0,0,10.0,CHECK,60.7,DOMESTIC_CHILLED,N008,RSL 58.6 h; sensory 10/16; gaps 0,YES
PGB-LMR-0461,lemuru,Sardinella lemuru,1457.0,whole_fresh,warm_auction_delay,36.0,168.0,N008,COMPLETE,N001,1.29,6.07,31.14,10.25,9.0,8.5,144.58,23.42,0,3.0,3.0,3.0,3.0,2.0,0,14.0,POOR,84.5,MANUAL_INSPECTION,N008,RSL 23.4 h; sensory 14/16; gaps 0,YES
PGB-LMR-0462,lemuru,Sardinella lemuru,1594.0,whole_fresh,reice_recovery,36.0,168.0,N004,PARTIAL,N001,0.89,2.96,23.89,7.0,4.25,3.0,119.37,48.63,0,2.0,2.0,3.0,2.0,2.0,0,11.0,POOR,68.1,DOMESTIC_CHILLED,N004,RSL 48.6 h; sensory 11/16; gaps 0,YES
PGB-LMR-0463,lemuru,Sardinella lemuru,1731.0,whole_fresh,logger_gap,36.0,168.0,N004,COMPLETE,N001,1.49,1.86,12.0,1.5,0.0,0.0,99.27,68.73,12,2.0,2.0,2.0,2.0,2.0,0,10.0,CHECK,59.9,MANUAL_INSPECTION,N004,RSL 68.7 h; sensory 10/16; gaps 12,YES
PGB-LMR-0464,lemuru,Sardinella lemuru,1868.0,whole_fresh,freezer_transfer,36.0,168.0,N005,COMPLETE,N001,1.49,1.73,7.0,0.75,0.0,0.0,101.87,66.13,0,2.0,2.0,2.0,2.0,2.0,0,10.0,CHECK,57.0,RE_ICE_AND_ROUTE,N005,RSL 66.1 h; sensory 10/16; gaps 0,YES
PGB-LMR-0465,lemuru,Sardinella lemuru,185.0,whole_fresh,controlled_ice,36.0,168.0,N006,COMPLETE,N001,1.09,1.42,10.0,1.0,0.0,0.0,98.37,69.63,0,2.0,2.0,2.0,2.0,2.0,0,10.0,CHECK,54.9,RE_ICE_AND_ROUTE,N006,RSL 69.6 h; sensory 10/16; gaps 0,YES
PGB-LMR-0466,lemuru,Sardinella lemuru,322.0,whole_fresh,delayed_chilling_2h,36.0,168.0,N008,COMPLETE,N001,1.09,2.26,21.21,3.75,2.5,1.75,110.55,57.45,0,2.0,2.0,2.0,2.0,2.0,0,10.0,CHECK,61.6,DOMESTIC_CHILLED,N008,RSL 57.5 h; sensory 10/16; gaps 0,YES
PGB-LMR-0467,lemuru,Sardinella lemuru,459.0,frozen,melted_ice,36.0,168.0,N018,COMPLETE,N001,-18.1,-14.76,8.0,0.75,0.0,0.0,70.58,97.42,0,1.0,2.0,2.0,1.0,1.0,0,7.0,CHECK,42.9,PROCESS_EXPORT_CANDIDATE,N018,RSL 97.4 h; sensory 7/16; gaps 0,YES
PGB-LMR-0468,lemuru,Sardinella lemuru,596.0,frozen,loading_excursion,36.0,168.0,N019,PARTIAL,N001,-18.1,-14.68,11.0,1.25,0.0,0.0,71.42,96.58,0,1.0,2.0,2.0,1.0,1.0,0,7.0,CHECK,41.7,PROCESS_EXPORT_CANDIDATE,N019,RSL 96.6 h; sensory 7/16; gaps 0,YES
PGB-LMR-0469,lemuru,Sardinella lemuru,733.0,processed,warm_auction_delay,36.0,168.0,N020,COMPLETE,N001,-18.1,-14.6,14.0,1.5,0.25,0.0,72.33,95.67,0,1.0,2.0,2.0,1.0,1.0,0,7.0,CHECK,45.5,PROCESS_EXPORT_CANDIDATE,N020,RSL 95.7 h; sensory 7/16; gaps 0,YES
PGB-LMR-0470,lemuru,Sardinella lemuru,870.0,whole_fresh,reice_recovery,36.0,168.0,N006,COMPLETE,N001,0.89,2.91,23.34,6.75,4.0,2.75,119.11,48.89,0,2.0,2.0,3.0,2.0,2.0,0,11.0,POOR,68.1,DOMESTIC_CHILLED,N006,RSL 48.9 h; sensory 11/16; gaps 0,YES
PGB-LMR-0471,lemuru,Sardinella lemuru,1007.0,whole_fresh,logger_gap,36.0,168.0,N006,COMPLETE,N001,1.49,1.86,12.0,1.5,0.0,0.0,99.32,68.68,12,2.0,2.0,2.0,2.0,2.0,0,10.0,CHECK,59.9,MANUAL_INSPECTION,N006,RSL 68.7 h; sensory 10/16; gaps 12,YES
PGB-LMR-0472,lemuru,Sardinella lemuru,1144.0,whole_fresh,freezer_transfer,36.0,168.0,N007,COMPLETE,N001,1.49,1.74,7.0,0.75,0.0,0.0,101.93,66.07,0,2.0,2.0,2.0,2.0,2.0,0,10.0,CHECK,57.0,RE_ICE_AND_ROUTE,N007,RSL 66.1 h; sensory 10/16; gaps 0,YES
PGB-LMR-0473,lemuru,Sardinella lemuru,1281.0,whole_fresh,controlled_ice,36.0,168.0,N008,COMPLETE,N001,1.09,1.42,10.0,1.25,0.0,0.0,98.45,69.55,0,2.0,2.0,2.0,2.0,2.0,0,10.0,CHECK,54.9,RE_ICE_AND_ROUTE,N008,RSL 69.6 h; sensory 10/16; gaps 0,YES
PGB-LMR-0474,lemuru,Sardinella lemuru,1418.0,whole_fresh,delayed_chilling_2h,36.0,168.0,N004,PARTIAL,N001,1.09,2.29,21.66,3.75,2.5,1.75,110.72,57.28,0,2.0,2.0,2.0,2.0,2.0,0,10.0,CHECK,61.6,DOMESTIC_CHILLED,N004,RSL 57.3 h; sensory 10/16; gaps 0,YES
PGB-LMR-0475,lemuru,Sardinella lemuru,1555.0,whole_fresh,melted_ice,36.0,168.0,N004,COMPLETE,N001,1.1,6.12,11.1,29.0,14.5,0.0,167.79,0.21,0,3.0,3.0,3.0,3.0,3.0,0,15.0,POOR,92.2,PROCESS_IMMEDIATELY,N004,RSL 0.2 h; sensory 15/16; gaps 0,YES
PGB-LMR-0476,lemuru,Sardinella lemuru,1692.0,whole_fresh,loading_excursion,36.0,168.0,N006,COMPLETE,N001,1.09,2.25,18.68,5.0,1.75,1.0,110.8,57.2,0,2.0,2.0,2.0,2.0,2.0,0,10.0,CHECK,61.2,DOMESTIC_CHILLED,N006,RSL 57.2 h; sensory 10/16; gaps 0,YES
PGB-LMR-0477,lemuru,Sardinella lemuru,1829.0,frozen,warm_auction_delay,36.0,168.0,N018,COMPLETE,N001,-18.1,-14.6,14.0,1.5,0.25,0.0,72.37,95.63,0,1.0,2.0,2.0,1.0,1.0,0,7.0,CHECK,45.5,PROCESS_EXPORT_CANDIDATE,N018,RSL 95.6 h; sensory 7/16; gaps 0,YES
PGB-LMR-0478,lemuru,Sardinella lemuru,1966.0,frozen,reice_recovery,36.0,168.0,N019,COMPLETE,N001,-18.1,-14.74,9.0,1.0,0.0,0.0,70.88,97.12,0,1.0,2.0,2.0,1.0,1.0,0,7.0,CHECK,43.5,PROCESS_EXPORT_CANDIDATE,N019,RSL 97.1 h; sensory 7/16; gaps 0,YES
PGB-LMR-0479,lemuru,Sardinella lemuru,283.0,processed,logger_gap,36.0,168.0,N020,COMPLETE,N001,-18.1,-14.66,12.0,1.25,0.0,0.0,69.8,98.2,12,1.0,2.0,2.0,1.0,1.0,0,7.0,CHECK,43.7,PROCESS_EXPORT_CANDIDATE,N020,RSL 98.2 h; sensory 7/16; gaps 12,YES
PGB-LMR-0480,lemuru,Sardinella lemuru,420.0,whole_fresh,freezer_transfer,36.0,168.0,N002,PARTIAL,N001,1.49,1.73,7.0,0.75,0.0,0.0,101.88,66.12,0,2.0,2.0,2.0,2.0,2.0,0,10.0,CHECK,57.0,RE_ICE_AND_ROUTE,N002,RSL 66.1 h; sensory 10/16; gaps 0,YES
PGB-LMR-0481,lemuru,Sardinella lemuru,557.0,whole_fresh,controlled_ice,48.0,168.0,N005,COMPLETE,N001,1.09,1.42,10.0,1.0,0.0,0.0,110.38,57.62,0,2.0,2.0,2.0,2.0,2.0,0,10.0,CHECK,58.8,DOMESTIC_CHILLED,N005,RSL 57.6 h; sensory 10/16; gaps 0,YES
PGB-LMR-0482,lemuru,Sardinella lemuru,694.0,whole_fresh,delayed_chilling_2h,48.0,168.0,N006,COMPLETE,N001,1.09,2.3,22.0,3.75,2.5,1.75,122.8,45.2,0,2.0,3.0,3.0,2.0,2.0,0,12.0,POOR,70.0,DOMESTIC_CHILLED,N006,RSL 45.2 h; sensory 12/16; gaps 0,YES
PGB-LMR-0483,lemuru,Sardinella lemuru,831.0,whole_fresh,melted_ice,48.0,168.0,N006,COMPLETE,N001,1.09,6.11,11.1,29.25,14.5,0.0,179.67,0.0,0,3.0,3.0,3.0,3.0,3.0,0,15.0,POOR,92.3,PROCESS_IMMEDIATELY,N006,RSL 0 h; sensory 15/16; gaps 0,YES
PGB-LMR-0484,lemuru,Sardinella lemuru,968.0,whole_fresh,loading_excursion,48.0,168.0,N008,COMPLETE,N001,1.09,2.23,18.36,5.0,1.75,0.75,122.48,45.52,0,2.0,3.0,3.0,2.0,2.0,0,12.0,POOR,69.3,DOMESTIC_CHILLED,N008,RSL 45.5 h; sensory 12/16; gaps 0,YES
PGB-LMR-0485,lemuru,Sardinella lemuru,1105.0,whole_fresh,warm_auction_delay,48.0,168.0,N008,COMPLETE,N001,1.29,5.75,29.71,10.25,9.0,8.5,156.33,11.67,0,3.0,3.0,3.0,3.0,3.0,0,15.0,POOR,90.5,MANUAL_INSPECTION,N008,RSL 11.7 h; sensory 15/16; gaps 0,YES
PGB-LMR-0486,lemuru,Sardinella lemuru,1242.0,whole_fresh,reice_recovery,48.0,168.0,N004,PARTIAL,N001,0.89,2.83,22.38,6.75,4.0,2.75,130.5,37.5,0,2.0,3.0,3.0,2.0,2.0,0,12.0,POOR,74.0,DOMESTIC_CHILLED,N004,RSL 37.5 h; sensory 12/16; gaps 0,YES
PGB-LMR-0487,lemuru,Sardinella lemuru,1379.0,frozen,logger_gap,48.0,168.0,N018,COMPLETE,N001,-18.1,-14.65,12.0,1.25,0.0,0.0,81.82,86.18,12,1.0,2.0,2.0,1.0,1.0,0,7.0,CHECK,47.6,PROCESS_EXPORT_CANDIDATE,N018,RSL 86.2 h; sensory 7/16; gaps 12,YES
PGB-LMR-0488,lemuru,Sardinella lemuru,1516.0,frozen,freezer_transfer,48.0,168.0,N019,COMPLETE,N001,-18.1,-14.79,7.0,0.5,0.0,0.0,82.37,85.63,0,1.0,2.0,2.0,1.0,1.0,0,7.0,CHECK,44.1,PROCESS_EXPORT_CANDIDATE,N019,RSL 85.6 h; sensory 7/16; gaps 0,YES
PGB-LMR-0489,lemuru,Sardinella lemuru,1653.0,processed,controlled_ice,48.0,168.0,N020,COMPLETE,N001,-18.1,-14.71,10.0,1.0,0.0,0.0,83.18,84.82,0,1.0,2.0,2.0,1.0,1.0,0,7.0,CHECK,43.3,PROCESS_EXPORT_CANDIDATE,N020,RSL 84.8 h; sensory 7/16; gaps 0,YES
PGB-LMR-0490,lemuru,Sardinella lemuru,1790.0,whole_fresh,delayed_chilling_2h,48.0,168.0,N008,COMPLETE,N001,1.09,2.23,20.12,3.75,2.5,1.75,122.25,45.75,0,2.0,3.0,3.0,2.0,2.0,0,12.0,POOR,69.8,DOMESTIC_CHILLED,N008,RSL 45.7 h; sensory 12/16; gaps 0,YES
PGB-LMR-0491,lemuru,Sardinella lemuru,1927.0,whole_fresh,melted_ice,48.0,168.0,N008,COMPLETE,N001,1.09,6.12,11.1,29.0,14.5,0.0,179.79,0.0,0,3.0,3.0,3.0,3.0,3.0,0,15.0,POOR,92.3,PROCESS_IMMEDIATELY,N008,RSL 0 h; sensory 15/16; gaps 0,YES
PGB-LMR-0492,lemuru,Sardinella lemuru,244.0,whole_fresh,loading_excursion,48.0,168.0,N004,PARTIAL,N001,1.09,2.22,17.87,5.0,1.75,0.75,122.39,45.61,0,2.0,3.0,3.0,2.0,2.0,0,12.0,POOR,69.3,DOMESTIC_CHILLED,N004,RSL 45.6 h; sensory 12/16; gaps 0,YES
PGB-LMR-0493,lemuru,Sardinella lemuru,381.0,whole_fresh,warm_auction_delay,48.0,168.0,N004,COMPLETE,N001,1.29,5.85,30.4,10.25,9.0,8.5,156.44,11.56,0,3.0,3.0,3.0,3.0,3.0,0,15.0,POOR,90.5,MANUAL_INSPECTION,N004,RSL 11.6 h; sensory 15/16; gaps 0,YES
PGB-LMR-0494,lemuru,Sardinella lemuru,518.0,whole_fresh,reice_recovery,48.0,168.0,N006,COMPLETE,N001,0.89,2.8,21.91,6.75,4.0,2.5,130.35,37.65,0,2.0,3.0,3.0,2.0,2.0,0,12.0,POOR,73.9,DOMESTIC_CHILLED,N006,RSL 37.7 h; sensory 12/16; gaps 0,YES
PGB-LMR-0495,lemuru,Sardinella lemuru,655.0,whole_fresh,logger_gap,48.0,168.0,N006,COMPLETE,N001,1.49,1.86,12.0,1.5,0.0,0.0,111.31,56.69,12,2.0,2.0,3.0,2.0,2.0,0,11.0,POOR,66.0,MANUAL_INSPECTION,N006,RSL 56.7 h; sensory 11/16; gaps 12,YES
PGB-LMR-0496,lemuru,Sardinella lemuru,792.0,whole_fresh,freezer_transfer,48.0,168.0,N008,COMPLETE,N001,1.49,1.73,7.0,0.75,0.0,0.0,113.9,54.1,0,2.0,2.0,2.0,2.0,2.0,0,10.0,CHECK,61.0,DOMESTIC_CHILLED,N008,RSL 54.1 h; sensory 10/16; gaps 0,YES
PGB-LMR-0497,lemuru,Sardinella lemuru,929.0,frozen,controlled_ice,48.0,168.0,N018,COMPLETE,N001,-18.1,-14.71,10.0,1.0,0.0,0.0,83.13,84.87,0,1.0,2.0,2.0,1.0,1.0,0,7.0,CHECK,43.3,PROCESS_EXPORT_CANDIDATE,N018,RSL 84.9 h; sensory 7/16; gaps 0,YES
PGB-LMR-0498,lemuru,Sardinella lemuru,1066.0,frozen,delayed_chilling_2h,48.0,168.0,N019,PARTIAL,N001,-18.1,-14.63,13.0,1.25,0.25,0.0,84.0,84.0,0,2.0,2.0,2.0,2.0,1.0,0,9.0,CHECK,50.7,PROCESS_EXPORT_CANDIDATE,N019,RSL 84 h; sensory 9/16; gaps 0,YES
PGB-LMR-0499,lemuru,Sardinella lemuru,1203.0,processed,melted_ice,48.0,168.0,N020,COMPLETE,N001,-18.1,-14.76,8.0,0.75,0.0,0.0,82.58,85.42,0,1.0,2.0,2.0,1.0,1.0,0,7.0,CHECK,46.8,PROCESS_EXPORT_CANDIDATE,N020,RSL 85.4 h; sensory 7/16; gaps 0,YES
PGB-LMR-0500,lemuru,Sardinella lemuru,1340.0,whole_fresh,loading_excursion,48.0,168.0,N006,COMPLETE,N001,1.09,2.19,17.52,5.0,1.75,0.5,121.94,46.06,0,2.0,3.0,3.0,2.0,2.0,0,12.0,POOR,69.2,DOMESTIC_CHILLED,N006,RSL 46.1 h; sensory 12/16; gaps 0,YES
PGB-LMR-0501,lemuru,Sardinella lemuru,1477.0,whole_fresh,warm_auction_delay,48.0,168.0,N006,COMPLETE,N001,1.29,5.93,30.65,10.25,9.0,8.5,156.5,11.5,0,3.0,3.0,3.0,3.0,3.0,0,15.0,POOR,90.5,MANUAL_INSPECTION,N006,RSL 11.5 h; sensory 15/16; gaps 0,YES
PGB-LMR-0502,lemuru,Sardinella lemuru,1614.0,whole_fresh,reice_recovery,48.0,168.0,N008,COMPLETE,N001,0.89,2.77,21.91,6.75,4.0,2.5,130.08,37.92,0,2.0,3.0,3.0,2.0,2.0,0,12.0,POOR,73.8,DOMESTIC_CHILLED,N008,RSL 37.9 h; sensory 12/16; gaps 0,YES
PGB-LMR-0503,lemuru,Sardinella lemuru,1751.0,whole_fresh,logger_gap,48.0,168.0,N008,COMPLETE,N001,1.49,1.86,12.0,1.5,0.0,0.0,111.28,56.72,12,2.0,2.0,3.0,2.0,2.0,0,11.0,POOR,66.0,MANUAL_INSPECTION,N008,RSL 56.7 h; sensory 11/16; gaps 12,YES
PGB-LMR-0504,lemuru,Sardinella lemuru,1888.0,whole_fresh,freezer_transfer,48.0,168.0,N004,PARTIAL,N001,1.49,1.73,7.0,0.75,0.0,0.0,113.9,54.1,0,2.0,2.0,2.0,2.0,2.0,0,10.0,CHECK,61.0,DOMESTIC_CHILLED,N004,RSL 54.1 h; sensory 10/16; gaps 0,YES
PGB-LMR-0505,lemuru,Sardinella lemuru,205.0,whole_fresh,controlled_ice,48.0,168.0,N005,COMPLETE,N001,1.09,1.42,10.0,1.25,0.0,0.0,110.42,57.58,0,2.0,2.0,2.0,2.0,2.0,0,10.0,CHECK,58.8,DOMESTIC_CHILLED,N005,RSL 57.6 h; sensory 10/16; gaps 0,YES
PGB-LMR-0506,lemuru,Sardinella lemuru,342.0,whole_fresh,delayed_chilling_2h,48.0,168.0,N006,COMPLETE,N001,1.09,2.24,20.58,3.75,2.5,1.75,122.36,45.64,0,2.0,3.0,3.0,2.0,2.0,0,12.0,POOR,69.8,DOMESTIC_CHILLED,N006,RSL 45.6 h; sensory 12/16; gaps 0,YES
PGB-LMR-0507,lemuru,Sardinella lemuru,479.0,frozen,melted_ice,48.0,168.0,N018,COMPLETE,N001,-18.1,-14.76,8.0,0.75,0.0,0.0,82.64,85.36,0,1.0,2.0,2.0,1.0,1.0,0,7.0,CHECK,46.9,PROCESS_EXPORT_CANDIDATE,N018,RSL 85.4 h; sensory 7/16; gaps 0,YES
PGB-LMR-0508,lemuru,Sardinella lemuru,616.0,frozen,loading_excursion,48.0,168.0,N019,COMPLETE,N001,-18.1,-14.68,11.0,1.25,0.0,0.0,83.48,84.52,0,1.0,2.0,2.0,1.0,1.0,0,7.0,CHECK,45.6,PROCESS_EXPORT_CANDIDATE,N019,RSL 84.5 h; sensory 7/16; gaps 0,YES
PGB-LMR-0509,lemuru,Sardinella lemuru,753.0,processed,warm_auction_delay,48.0,168.0,N020,COMPLETE,N001,-18.1,-14.6,14.0,1.5,0.25,0.0,84.38,83.62,0,2.0,2.0,2.0,2.0,1.0,0,9.0,CHECK,53.8,PROCESS_EXPORT_CANDIDATE,N020,RSL 83.6 h; sensory 9/16; gaps 0,YES
PGB-LMR-0510,lemuru,Sardinella lemuru,890.0,whole_fresh,reice_recovery,48.0,168.0,N004,PARTIAL,N001,0.89,2.77,21.71,6.75,4.0,2.5,130.08,37.92,0,2.0,3.0,3.0,2.0,2.0,0,12.0,POOR,73.8,DOMESTIC_CHILLED,N004,RSL 37.9 h; sensory 12/16; gaps 0,YES
PGB-LMR-0511,lemuru,Sardinella lemuru,1027.0,whole_fresh,logger_gap,48.0,168.0,N004,COMPLETE,N001,1.49,1.86,12.0,1.5,0.0,0.0,111.33,56.67,12,2.0,2.0,3.0,2.0,2.0,0,11.0,POOR,66.0,MANUAL_INSPECTION,N004,RSL 56.7 h; sensory 11/16; gaps 12,YES
PGB-LMR-0512,lemuru,Sardinella lemuru,1164.0,whole_fresh,freezer_transfer,48.0,168.0,N006,COMPLETE,N001,1.49,1.73,7.0,0.75,0.0,0.0,113.91,54.09,0,2.0,2.0,2.0,2.0,2.0,0,10.0,CHECK,61.0,DOMESTIC_CHILLED,N006,RSL 54.1 h; sensory 10/16; gaps 0,YES
PGB-LMR-0513,lemuru,Sardinella lemuru,1301.0,whole_fresh,controlled_ice,48.0,168.0,N007,COMPLETE,N001,1.09,1.42,10.0,1.0,0.0,0.0,110.41,57.59,0,2.0,2.0,2.0,2.0,2.0,0,10.0,CHECK,58.8,DOMESTIC_CHILLED,N007,RSL 57.6 h; sensory 10/16; gaps 0,YES
PGB-LMR-0514,lemuru,Sardinella lemuru,1438.0,whole_fresh,delayed_chilling_2h,48.0,168.0,N008,COMPLETE,N001,1.09,2.25,20.74,3.75,2.5,1.75,122.47,45.53,0,2.0,3.0,3.0,2.0,2.0,0,12.0,POOR,69.8,DOMESTIC_CHILLED,N008,RSL 45.5 h; sensory 12/16; gaps 0,YES
PGB-LMR-0515,lemuru,Sardinella lemuru,1575.0,whole_fresh,melted_ice,48.0,168.0,N008,COMPLETE,N001,1.1,6.11,11.1,29.25,14.75,0.0,179.69,0.0,0,3.0,3.0,3.0,3.0,3.0,0,15.0,POOR,92.3,PROCESS_IMMEDIATELY,N008,RSL 0 h; sensory 15/16; gaps 0,YES
PGB-LMR-0516,lemuru,Sardinella lemuru,1712.0,whole_fresh,loading_excursion,48.0,168.0,N004,PARTIAL,N001,1.09,2.15,16.68,4.75,1.75,0.5,121.34,46.66,0,2.0,3.0,3.0,2.0,2.0,0,12.0,POOR,69.0,DOMESTIC_CHILLED,N004,RSL 46.7 h; sensory 12/16; gaps 0,YES
PGB-LMR-0517,lemuru,Sardinella lemuru,1849.0,frozen,warm_auction_delay,48.0,168.0,N018,COMPLETE,N001,-18.1,-14.6,14.0,1.5,0.25,0.0,84.31,83.69,0,2.0,2.0,2.0,2.0,1.0,0,9.0,CHECK,53.8,PROCESS_EXPORT_CANDIDATE,N018,RSL 83.7 h; sensory 9/16; gaps 0,YES
PGB-LMR-0518,lemuru,Sardinella lemuru,1986.0,frozen,reice_recovery,48.0,168.0,N019,COMPLETE,N001,-18.1,-14.74,9.0,1.0,0.0,0.0,82.85,85.15,0,1.0,2.0,2.0,1.0,1.0,0,7.0,CHECK,47.4,PROCESS_EXPORT_CANDIDATE,N019,RSL 85.2 h; sensory 7/16; gaps 0,YES
PGB-LMR-0519,lemuru,Sardinella lemuru,303.0,processed,logger_gap,48.0,168.0,N020,COMPLETE,N001,-18.1,-14.66,12.0,1.25,0.0,0.0,81.79,86.21,12,1.0,2.0,2.0,1.0,1.0,0,7.0,CHECK,47.6,PROCESS_EXPORT_CANDIDATE,N020,RSL 86.2 h; sensory 7/16; gaps 12,YES
PGB-LMR-0520,lemuru,Sardinella lemuru,440.0,whole_fresh,freezer_transfer,48.0,168.0,N008,COMPLETE,N001,1.49,1.73,7.0,0.75,0.0,0.0,113.89,54.11,0,2.0,2.0,2.0,2.0,2.0,0,10.0,CHECK,61.0,DOMESTIC_CHILLED,N008,RSL 54.1 h; sensory 10/16; gaps 0,YES
PGB-LMR-0521,lemuru,Sardinella lemuru,577.0,whole_fresh,controlled_ice,72.0,168.0,N011,COMPLETE,N001,1.09,1.42,10.0,1.25,0.0,0.0,134.41,33.59,0,2.0,3.0,3.0,2.0,2.0,0,12.0,POOR,71.1,DOMESTIC_CHILLED,N011,RSL 33.6 h; sensory 12/16; gaps 0,YES
PGB-LMR-0522,lemuru,Sardinella lemuru,714.0,whole_fresh,delayed_chilling_2h,72.0,168.0,N002,PARTIAL,N001,1.09,2.27,21.32,3.75,2.5,1.75,146.56,21.44,0,3.0,3.0,3.0,3.0,2.0,0,14.0,POOR,82.1,LOCAL_FRESH_ONLY,N002,RSL 21.4 h; sensory 14/16; gaps 0,YES
PGB-LMR-0523,lemuru,Sardinella lemuru,851.0,whole_fresh,melted_ice,72.0,168.0,N004,COMPLETE,N001,1.09,6.12,11.1,28.75,14.25,0.0,203.76,0.0,0,3.0,3.0,3.0,3.0,3.0,0,15.0,POOR,92.3,PROCESS_IMMEDIATELY,N004,RSL 0 h; sensory 15/16; gaps 0,YES
PGB-LMR-0524,lemuru,Sardinella lemuru,988.0,whole_fresh,loading_excursion,72.0,168.0,N005,COMPLETE,N001,1.09,2.14,16.14,4.75,1.75,0.25,145.23,22.77,0,3.0,3.0,3.0,3.0,2.0,0,14.0,POOR,81.2,LOCAL_FRESH_ONLY,N005,RSL 22.8 h; sensory 14/16; gaps 0,YES
PGB-LMR-0525,lemuru,Sardinella lemuru,1125.0,whole_fresh,warm_auction_delay,72.0,168.0,N006,COMPLETE,N001,1.29,5.59,28.57,10.25,8.75,8.25,180.09,0.0,0,3.0,3.0,3.0,3.0,3.0,0,15.0,POOR,94.3,MANUAL_INSPECTION,N006,RSL 0 h; sensory 15/16; gaps 0,YES
PGB-LMR-0526,lemuru,Sardinella lemuru,1262.0,whole_fresh,reice_recovery,72.0,168.0,N007,COMPLETE,N001,0.89,2.92,23.2,7.0,4.0,2.75,155.19,12.81,0,3.0,3.0,3.0,3.0,3.0,0,15.0,POOR,88.6,LOCAL_FRESH_ONLY,N007,RSL 12.8 h; sensory 15/16; gaps 0,YES
PGB-LMR-0527,lemuru,Sardinella lemuru,1399.0,frozen,logger_gap,72.0,168.0,N018,COMPLETE,N001,-18.1,-14.65,12.0,1.25,0.0,0.0,105.84,62.16,12,2.0,2.0,2.0,2.0,2.0,0,10.0,CHECK,62.0,PROCESS_EXPORT_CANDIDATE,N018,RSL 62.2 h; sensory 10/16; gaps 12,YES
PGB-LMR-0528,lemuru,Sardinella lemuru,1536.0,frozen,freezer_transfer,72.0,168.0,N019,PARTIAL,N001,-18.1,-14.79,7.0,0.75,0.0,0.0,106.36,61.64,0,2.0,2.0,2.0,2.0,2.0,0,10.0,CHECK,58.5,PROCESS_EXPORT_CANDIDATE,N019,RSL 61.6 h; sensory 10/16; gaps 0,YES
PGB-LMR-0529,lemuru,Sardinella lemuru,1673.0,processed,controlled_ice,72.0,168.0,N020,COMPLETE,N001,-18.1,-14.71,10.0,1.0,0.0,0.0,107.16,60.84,0,2.0,2.0,2.0,2.0,2.0,0,10.0,CHECK,57.8,PROCESS_EXPORT_CANDIDATE,N020,RSL 60.8 h; sensory 10/16; gaps 0,YES
PGB-LMR-0530,lemuru,Sardinella lemuru,1810.0,whole_fresh,delayed_chilling_2h,72.0,168.0,N005,COMPLETE,N001,1.09,2.29,21.53,3.75,2.5,1.75,146.72,21.28,0,3.0,3.0,3.0,3.0,2.0,0,14.0,POOR,82.2,LOCAL_FRESH_ONLY,N005,RSL 21.3 h; sensory 14/16; gaps 0,YES
PGB-LMR-0531,lemuru,Sardinella lemuru,1947.0,whole_fresh,melted_ice,72.0,168.0,N006,COMPLETE,N001,1.09,6.11,11.1,29.0,14.75,0.0,203.71,0.0,0,3.0,3.0,3.0,3.0,3.0,0,15.0,POOR,92.3,PROCESS_IMMEDIATELY,N006,RSL 0 h; sensory 15/16; gaps 0,YES
PGB-LMR-0532,lemuru,Sardinella lemuru,264.0,whole_fresh,loading_excursion,72.0,168.0,N007,COMPLETE,N001,1.09,2.25,18.79,5.25,1.75,1.0,146.67,21.33,0,3.0,3.0,3.0,3.0,2.0,0,14.0,POOR,81.6,LOCAL_FRESH_ONLY,N007,RSL 21.3 h; sensory 14/16; gaps 0,YES
PGB-LMR-0533,lemuru,Sardinella lemuru,401.0,whole_fresh,warm_auction_delay,72.0,168.0,N008,COMPLETE,N001,1.29,5.66,29.03,10.25,9.0,8.5,180.24,0.0,0,3.0,3.0,3.0,3.0,3.0,0,15.0,POOR,94.3,MANUAL_INSPECTION,N008,RSL 0 h; sensory 15/16; gaps 0,YES
PGB-LMR-0534,lemuru,Sardinella lemuru,538.0,whole_fresh,reice_recovery,72.0,168.0,N002,PARTIAL,N001,0.89,2.86,22.86,6.5,4.0,2.75,154.73,13.27,0,3.0,3.0,3.0,3.0,3.0,0,15.0,POOR,88.5,LOCAL_FRESH_ONLY,N002,RSL 13.3 h; sensory 15/16; gaps 0,YES
PGB-LMR-0535,lemuru,Sardinella lemuru,675.0,whole_fresh,logger_gap,72.0,168.0,N004,COMPLETE,N001,1.49,1.86,12.0,1.5,0.0,0.0,135.25,32.75,12,2.0,3.0,3.0,2.0,2.0,0,12.0,POOR,76.0,MANUAL_INSPECTION,N004,RSL 32.8 h; sensory 12/16; gaps 12,YES
PGB-LMR-0536,lemuru,Sardinella lemuru,812.0,whole_fresh,freezer_transfer,72.0,168.0,N006,COMPLETE,N001,1.49,1.73,7.0,0.75,0.0,0.0,137.87,30.13,0,2.0,3.0,3.0,2.0,2.0,0,12.0,POOR,73.2,DOMESTIC_CHILLED,N006,RSL 30.1 h; sensory 12/16; gaps 0,YES
PGB-LMR-0537,lemuru,Sardinella lemuru,949.0,frozen,controlled_ice,72.0,168.0,N018,COMPLETE,N001,-18.1,-14.71,10.0,1.0,0.0,0.0,107.15,60.85,0,2.0,2.0,2.0,2.0,2.0,0,10.0,CHECK,57.8,PROCESS_EXPORT_CANDIDATE,N018,RSL 60.9 h; sensory 10/16; gaps 0,YES
PGB-LMR-0538,lemuru,Sardinella lemuru,1086.0,frozen,delayed_chilling_2h,72.0,168.0,N019,COMPLETE,N001,-18.1,-14.63,13.0,1.5,0.25,0.0,108.04,59.96,0,2.0,2.0,2.0,2.0,2.0,0,10.0,CHECK,60.7,PROCESS_EXPORT_CANDIDATE,N019,RSL 60 h; sensory 10/16; gaps 0,YES
PGB-LMR-0539,lemuru,Sardinella lemuru,1223.0,processed,melted_ice,72.0,168.0,N020,COMPLETE,N001,-18.1,-14.76,8.0,0.75,0.0,0.0,106.63,61.37,0,2.0,2.0,2.0,2.0,2.0,0,10.0,CHECK,61.3,PROCESS_EXPORT_CANDIDATE,N020,RSL 61.4 h; sensory 10/16; gaps 0,YES
PGB-LMR-0540,lemuru,Sardinella lemuru,1360.0,whole_fresh,loading_excursion,72.0,168.0,N002,PARTIAL,N001,1.09,2.24,18.23,5.0,1.75,0.75,146.61,21.39,0,3.0,3.0,3.0,3.0,2.0,0,14.0,POOR,81.6,LOCAL_FRESH_ONLY,N002,RSL 21.4 h; sensory 14/16; gaps 0,YES
PGB-LMR-0541,lemuru,Sardinella lemuru,1497.0,whole_fresh,warm_auction_delay,72.0,168.0,N004,COMPLETE,N001,1.29,5.76,29.87,10.25,9.0,8.5,180.34,0.0,0,3.0,3.0,3.0,3.0,3.0,0,15.0,POOR,94.3,MANUAL_INSPECTION,N004,RSL 0 h; sensory 15/16; gaps 0,YES
PGB-LMR-0542,lemuru,Sardinella lemuru,1634.0,whole_fresh,reice_recovery,72.0,168.0,N005,COMPLETE,N001,0.89,2.83,22.22,6.75,4.0,2.75,154.61,13.39,0,3.0,3.0,3.0,3.0,3.0,0,15.0,POOR,88.4,LOCAL_FRESH_ONLY,N005,RSL 13.4 h; sensory 15/16; gaps 0,YES
PGB-LMR-0543,lemuru,Sardinella lemuru,1771.0,whole_fresh,logger_gap,72.0,168.0,N006,COMPLETE,N001,1.49,1.86,12.0,1.5,0.0,0.0,135.36,32.64,12,2.0,3.0,3.0,2.0,2.0,0,12.0,POOR,76.1,MANUAL_INSPECTION,N006,RSL 32.6 h; sensory 12/16; gaps 12,YES
PGB-LMR-0544,lemuru,Sardinella lemuru,1908.0,whole_fresh,freezer_transfer,72.0,168.0,N008,COMPLETE,N001,1.49,1.74,7.0,0.75,0.0,0.0,137.94,30.06,0,2.0,3.0,3.0,2.0,2.0,0,12.0,POOR,73.2,DOMESTIC_CHILLED,N008,RSL 30.1 h; sensory 12/16; gaps 0,YES
PGB-LMR-0545,lemuru,Sardinella lemuru,225.0,whole_fresh,controlled_ice,72.0,168.0,N011,COMPLETE,N001,1.09,1.42,10.0,1.0,0.0,0.0,134.44,33.56,0,2.0,3.0,3.0,2.0,2.0,0,12.0,POOR,71.1,DOMESTIC_CHILLED,N011,RSL 33.6 h; sensory 12/16; gaps 0,YES
PGB-LMR-0546,lemuru,Sardinella lemuru,362.0,whole_fresh,delayed_chilling_2h,72.0,168.0,N002,PARTIAL,N001,1.09,2.22,19.96,3.75,2.5,1.75,146.26,21.74,0,3.0,3.0,3.0,3.0,2.0,0,14.0,POOR,82.0,LOCAL_FRESH_ONLY,N002,RSL 21.7 h; sensory 14/16; gaps 0,YES
PGB-LMR-0547,lemuru,Sardinella lemuru,499.0,frozen,melted_ice,72.0,168.0,N018,COMPLETE,N001,-18.1,-14.76,8.0,0.75,0.0,0.0,106.6,61.4,0,2.0,2.0,2.0,2.0,2.0,0,10.0,CHECK,61.3,PROCESS_EXPORT_CANDIDATE,N018,RSL 61.4 h; sensory 10/16; gaps 0,YES
PGB-LMR-0548,lemuru,Sardinella lemuru,636.0,frozen,loading_excursion,72.0,168.0,N019,COMPLETE,N001,-18.1,-14.68,11.0,1.0,0.0,0.0,107.42,60.58,0,2.0,2.0,2.0,2.0,2.0,0,10.0,CHECK,60.0,PROCESS_EXPORT_CANDIDATE,N019,RSL 60.6 h; sensory 10/16; gaps 0,YES
PGB-LMR-0549,lemuru,Sardinella lemuru,773.0,processed,warm_auction_delay,72.0,168.0,N020,COMPLETE,N001,-18.1,-14.6,14.0,1.5,0.25,0.0,108.31,59.69,0,2.0,2.0,3.0,2.0,2.0,0,11.0,POOR,66.0,PROCESS_EXPORT_CANDIDATE,N020,RSL 59.7 h; sensory 11/16; gaps 0,YES
PGB-LMR-0550,lemuru,Sardinella lemuru,910.0,whole_fresh,reice_recovery,72.0,168.0,N007,COMPLETE,N001,0.89,2.79,22.07,6.5,4.0,2.75,154.25,13.75,0,3.0,3.0,3.0,3.0,3.0,0,15.0,POOR,88.3,LOCAL_FRESH_ONLY,N007,RSL 13.8 h; sensory 15/16; gaps 0,YES
PGB-LMR-0551,lemuru,Sardinella lemuru,1047.0,whole_fresh,logger_gap,72.0,168.0,N008,COMPLETE,N001,1.49,1.86,12.0,1.5,0.0,0.0,135.24,32.76,12,2.0,3.0,3.0,2.0,2.0,0,12.0,POOR,76.0,MANUAL_INSPECTION,N008,RSL 32.8 h; sensory 12/16; gaps 12,YES
PGB-LMR-0552,lemuru,Sardinella lemuru,1184.0,whole_fresh,freezer_transfer,72.0,168.0,N004,PARTIAL,N001,1.49,1.73,7.0,0.75,0.0,0.0,137.87,30.13,0,2.0,3.0,3.0,2.0,2.0,0,12.0,POOR,73.2,DOMESTIC_CHILLED,N004,RSL 30.1 h; sensory 12/16; gaps 0,YES
PGB-LMR-0553,lemuru,Sardinella lemuru,1321.0,whole_fresh,controlled_ice,72.0,168.0,N005,COMPLETE,N001,1.09,1.42,10.0,1.0,0.0,0.0,134.38,33.62,0,2.0,3.0,3.0,2.0,2.0,0,12.0,POOR,71.0,DOMESTIC_CHILLED,N005,RSL 33.6 h; sensory 12/16; gaps 0,YES
PGB-LMR-0554,lemuru,Sardinella lemuru,1458.0,whole_fresh,delayed_chilling_2h,72.0,168.0,N005,COMPLETE,N001,1.09,2.23,20.32,3.75,2.5,1.75,146.26,21.74,0,3.0,3.0,3.0,3.0,2.0,0,14.0,POOR,82.0,LOCAL_FRESH_ONLY,N005,RSL 21.7 h; sensory 14/16; gaps 0,YES
PGB-LMR-0555,lemuru,Sardinella lemuru,1595.0,whole_fresh,melted_ice,72.0,168.0,N006,COMPLETE,N001,1.09,6.11,11.1,29.25,14.25,0.0,203.72,0.0,0,3.0,3.0,3.0,3.0,3.0,0,15.0,POOR,92.3,PROCESS_IMMEDIATELY,N006,RSL 0 h; sensory 15/16; gaps 0,YES
PGB-LMR-0556,lemuru,Sardinella lemuru,1732.0,whole_fresh,loading_excursion,72.0,168.0,N007,COMPLETE,N001,1.09,2.2,17.36,5.0,1.75,0.5,146.05,21.95,0,3.0,3.0,3.0,3.0,2.0,0,14.0,POOR,81.4,LOCAL_FRESH_ONLY,N007,RSL 21.9 h; sensory 14/16; gaps 0,YES
PGB-LMR-0557,lemuru,Sardinella lemuru,1869.0,frozen,warm_auction_delay,72.0,168.0,N018,COMPLETE,N001,-18.1,-14.6,14.0,1.5,0.25,0.0,108.37,59.63,0,2.0,2.0,3.0,2.0,2.0,0,11.0,POOR,66.0,PROCESS_EXPORT_CANDIDATE,N018,RSL 59.6 h; sensory 11/16; gaps 0,YES
PGB-LMR-0558,lemuru,Sardinella lemuru,186.0,frozen,reice_recovery,72.0,168.0,N019,PARTIAL,N001,-18.1,-14.73,9.0,1.0,0.0,0.0,106.91,61.09,0,2.0,2.0,2.0,2.0,2.0,0,10.0,CHECK,61.9,PROCESS_EXPORT_CANDIDATE,N019,RSL 61.1 h; sensory 10/16; gaps 0,YES
PGB-LMR-0559,lemuru,Sardinella lemuru,323.0,processed,logger_gap,72.0,168.0,N020,COMPLETE,N001,-18.1,-14.65,12.0,1.25,0.0,0.0,105.85,62.15,12,2.0,2.0,2.0,2.0,2.0,0,10.0,CHECK,62.0,PROCESS_EXPORT_CANDIDATE,N020,RSL 62.1 h; sensory 10/16; gaps 12,YES
PGB-LMR-0560,lemuru,Sardinella lemuru,460.0,whole_fresh,freezer_transfer,72.0,168.0,N006,COMPLETE,N001,1.49,1.74,7.0,0.75,0.0,0.0,137.95,30.05,0,2.0,3.0,3.0,2.0,2.0,0,12.0,POOR,73.2,DOMESTIC_CHILLED,N006,RSL 30.1 h; sensory 12/16; gaps 0,YES
PGB-LMR-0561,lemuru,Sardinella lemuru,597.0,whole_fresh,controlled_ice,96.0,168.0,N006,COMPLETE,N001,1.09,1.42,10.0,1.0,0.0,0.0,158.45,9.55,0,3.0,3.0,3.0,3.0,3.0,0,15.0,POOR,85.5,PROCESS_IMMEDIATELY,N006,RSL 9.6 h; sensory 15/16; gaps 0,YES
PGB-LMR-0562,lemuru,Sardinella lemuru,734.0,whole_fresh,delayed_chilling_2h,96.0,168.0,N007,COMPLETE,N001,1.09,2.24,20.41,3.75,2.5,1.75,170.39,0.0,0,3.0,3.0,3.0,3.0,3.0,0,15.0,POOR,91.3,PROCESS_IMMEDIATELY,N007,RSL 0 h; sensory 15/16; gaps 0,YES
PGB-LMR-0563,lemuru,Sardinella lemuru,871.0,whole_fresh,melted_ice,96.0,168.0,N008,COMPLETE,N001,1.09,6.12,11.1,29.0,14.5,0.0,227.75,0.0,0,3.0,3.0,3.0,3.0,3.0,0,15.0,POOR,92.3,PROCESS_IMMEDIATELY,N008,RSL 0 h; sensory 15/16; gaps 0,YES
PGB-LMR-0564,lemuru,Sardinella lemuru,1008.0,whole_fresh,loading_excursion,96.0,168.0,N002,PARTIAL,N001,1.09,2.17,17.1,5.0,1.75,0.5,169.68,0.0,0,3.0,3.0,3.0,3.0,3.0,0,15.0,POOR,90.8,PROCESS_IMMEDIATELY,N002,RSL 0 h; sensory 15/16; gaps 0,YES
PGB-LMR-0565,lemuru,Sardinella lemuru,1145.0,whole_fresh,warm_auction_delay,96.0,168.0,N004,COMPLETE,N001,1.29,6.01,30.95,10.25,9.0,8.5,204.57,0.0,0,3.0,3.0,3.0,3.0,3.0,0,15.0,POOR,94.3,MANUAL_INSPECTION,N004,RSL 0 h; sensory 15/16; gaps 0,YES
PGB-LMR-0566,lemuru,Sardinella lemuru,1282.0,whole_fresh,reice_recovery,96.0,168.0,N005,COMPLETE,N001,0.89,2.76,21.87,6.75,3.75,2.5,177.98,0.0,0,3.0,3.0,3.0,3.0,3.0,0,15.0,POOR,92.8,PROCESS_IMMEDIATELY,N005,RSL 0 h; sensory 15/16; gaps 0,YES
PGB-LMR-0567,lemuru,Sardinella lemuru,1419.0,frozen,logger_gap,96.0,168.0,N018,COMPLETE,N001,-18.1,-14.66,12.0,1.25,0.0,0.0,129.78,38.22,12,2.0,3.0,3.0,2.0,2.0,0,12.0,POOR,74.2,PROCESS_EXPORT_CANDIDATE,N018,RSL 38.2 h; sensory 12/16; gaps 12,YES
PGB-LMR-0568,lemuru,Sardinella lemuru,1556.0,frozen,freezer_transfer,96.0,168.0,N019,COMPLETE,N001,-18.1,-14.79,7.0,0.5,0.0,0.0,130.32,37.68,0,2.0,3.0,3.0,2.0,2.0,0,12.0,POOR,70.7,PROCESS_EXPORT_CANDIDATE,N019,RSL 37.7 h; sensory 12/16; gaps 0,YES
PGB-LMR-0569,lemuru,Sardinella lemuru,1693.0,processed,controlled_ice,96.0,168.0,N020,COMPLETE,N001,-18.1,-14.71,10.0,1.0,0.0,0.0,131.12,36.88,0,2.0,3.0,3.0,2.0,2.0,0,12.0,POOR,70.0,PROCESS_EXPORT_CANDIDATE,N020,RSL 36.9 h; sensory 12/16; gaps 0,YES
PGB-LMR-0570,lemuru,Sardinella lemuru,1830.0,whole_fresh,delayed_chilling_2h,96.0,168.0,N002,PARTIAL,N001,1.09,2.25,20.9,3.75,2.5,1.75,170.43,0.0,0,3.0,3.0,3.0,3.0,3.0,0,15.0,POOR,91.3,PROCESS_IMMEDIATELY,N002,RSL 0 h; sensory 15/16; gaps 0,YES
PGB-LMR-0571,lemuru,Sardinella lemuru,1967.0,whole_fresh,melted_ice,96.0,168.0,N004,COMPLETE,N001,1.09,6.11,11.1,29.25,14.25,0.0,227.7,0.0,0,3.0,3.0,3.0,3.0,3.0,0,15.0,POOR,92.3,PROCESS_IMMEDIATELY,N004,RSL 0 h; sensory 15/16; gaps 0,YES
PGB-LMR-0572,lemuru,Sardinella lemuru,284.0,whole_fresh,loading_excursion,96.0,168.0,N005,COMPLETE,N001,1.09,2.16,16.51,4.75,1.75,0.5,169.43,0.0,0,3.0,3.0,3.0,3.0,3.0,0,15.0,POOR,90.8,PROCESS_IMMEDIATELY,N005,RSL 0 h; sensory 15/16; gaps 0,YES
PGB-LMR-0573,lemuru,Sardinella lemuru,421.0,whole_fresh,warm_auction_delay,96.0,168.0,N006,COMPLETE,N001,1.29,6.07,31.17,10.25,9.0,8.5,204.55,0.0,0,3.0,3.0,3.0,3.0,3.0,0,15.0,POOR,94.3,MANUAL_INSPECTION,N006,RSL 0 h; sensory 15/16; gaps 0,YES
PGB-LMR-0574,lemuru,Sardinella lemuru,558.0,whole_fresh,reice_recovery,96.0,168.0,N007,COMPLETE,N001,0.89,2.96,23.87,6.75,4.25,3.25,179.44,0.0,0,3.0,3.0,3.0,3.0,3.0,0,15.0,POOR,92.8,PROCESS_IMMEDIATELY,N007,RSL 0 h; sensory 15/16; gaps 0,YES
PGB-LMR-0575,lemuru,Sardinella lemuru,695.0,whole_fresh,logger_gap,96.0,168.0,N008,COMPLETE,N001,1.49,1.86,12.0,1.5,0.0,0.0,159.36,8.64,12,3.0,3.0,3.0,3.0,3.0,0,15.0,POOR,90.5,MANUAL_INSPECTION,N008,RSL 8.6 h; sensory 15/16; gaps 12,YES
PGB-LMR-0576,lemuru,Sardinella lemuru,832.0,whole_fresh,freezer_transfer,96.0,168.0,N002,PARTIAL,N001,1.49,1.74,7.0,0.75,0.0,0.0,161.95,6.05,0,3.0,3.0,3.0,3.0,3.0,0,15.0,POOR,87.6,PROCESS_IMMEDIATELY,N002,RSL 6.1 h; sensory 15/16; gaps 0,YES
PGB-LMR-0577,lemuru,Sardinella lemuru,969.0,frozen,controlled_ice,96.0,168.0,N018,COMPLETE,N001,-18.1,-14.71,10.0,1.0,0.0,0.0,131.19,36.81,0,2.0,3.0,3.0,2.0,2.0,0,12.0,POOR,70.0,PROCESS_EXPORT_CANDIDATE,N018,RSL 36.8 h; sensory 12/16; gaps 0,YES
PGB-LMR-0578,lemuru,Sardinella lemuru,1106.0,frozen,delayed_chilling_2h,96.0,168.0,N019,COMPLETE,N001,-18.1,-14.63,13.0,1.25,0.25,0.0,132.06,35.94,0,2.0,3.0,3.0,2.0,2.0,0,12.0,POOR,73.0,PROCESS_EXPORT_CANDIDATE,N019,RSL 35.9 h; sensory 12/16; gaps 0,YES
PGB-LMR-0579,lemuru,Sardinella lemuru,1243.0,processed,melted_ice,96.0,168.0,N020,COMPLETE,N001,-18.1,-14.76,8.0,0.75,0.0,0.0,130.62,37.38,0,2.0,3.0,3.0,2.0,2.0,0,12.0,POOR,73.5,PROCESS_EXPORT_CANDIDATE,N020,RSL 37.4 h; sensory 12/16; gaps 0,YES
PGB-LMR-0580,lemuru,Sardinella lemuru,1380.0,whole_fresh,loading_excursion,96.0,168.0,N007,COMPLETE,N001,1.09,2.14,16.3,5.0,1.75,0.5,169.16,0.0,0,3.0,3.0,3.0,3.0,3.0,0,15.0,POOR,90.8,PROCESS_IMMEDIATELY,N007,RSL 0 h; sensory 15/16; gaps 0,YES
PGB-LMR-0581,lemuru,Sardinella lemuru,1517.0,whole_fresh,warm_auction_delay,96.0,168.0,N008,COMPLETE,N001,1.29,5.58,28.43,10.0,8.75,8.25,204.11,0.0,0,3.0,3.0,3.0,3.0,3.0,0,15.0,POOR,94.3,MANUAL_INSPECTION,N008,RSL 0 h; sensory 15/16; gaps 0,YES
PGB-LMR-0582,lemuru,Sardinella lemuru,1654.0,whole_fresh,reice_recovery,96.0,168.0,N002,PARTIAL,N001,0.89,2.91,23.32,7.0,4.0,3.0,179.07,0.0,0,3.0,3.0,3.0,3.0,3.0,0,15.0,POOR,92.8,PROCESS_IMMEDIATELY,N002,RSL 0 h; sensory 15/16; gaps 0,YES
PGB-LMR-0583,lemuru,Sardinella lemuru,1791.0,whole_fresh,logger_gap,96.0,168.0,N004,COMPLETE,N001,1.49,1.86,12.0,1.5,0.0,0.0,159.25,8.75,12,3.0,3.0,3.0,3.0,3.0,0,15.0,POOR,90.4,MANUAL_INSPECTION,N004,RSL 8.8 h; sensory 15/16; gaps 12,YES
PGB-LMR-0584,lemuru,Sardinella lemuru,1928.0,whole_fresh,freezer_transfer,96.0,168.0,N005,COMPLETE,N001,1.49,1.73,7.0,0.75,0.0,0.0,161.86,6.14,0,3.0,3.0,3.0,3.0,3.0,0,15.0,POOR,87.6,PROCESS_IMMEDIATELY,N005,RSL 6.1 h; sensory 15/16; gaps 0,YES
PGB-LMR-0585,lemuru,Sardinella lemuru,245.0,whole_fresh,controlled_ice,96.0,168.0,N006,COMPLETE,N001,1.09,1.42,10.0,1.0,0.0,0.0,158.37,9.63,0,3.0,3.0,3.0,3.0,3.0,0,15.0,POOR,85.5,PROCESS_IMMEDIATELY,N006,RSL 9.6 h; sensory 15/16; gaps 0,YES
PGB-LMR-0586,lemuru,Sardinella lemuru,382.0,whole_fresh,delayed_chilling_2h,96.0,168.0,N007,COMPLETE,N001,1.09,2.28,21.67,3.75,2.5,1.75,170.67,0.0,0,3.0,3.0,3.0,3.0,3.0,0,15.0,POOR,91.3,PROCESS_IMMEDIATELY,N007,RSL 0 h; sensory 15/16; gaps 0,YES
PGB-LMR-0587,lemuru,Sardinella lemuru,519.0,frozen,melted_ice,96.0,168.0,N018,COMPLETE,N001,-18.1,-14.76,8.0,0.75,0.0,0.0,130.59,37.41,0,2.0,3.0,3.0,2.0,2.0,0,12.0,POOR,73.5,PROCESS_EXPORT_CANDIDATE,N018,RSL 37.4 h; sensory 12/16; gaps 0,YES
PGB-LMR-0588,lemuru,Sardinella lemuru,656.0,frozen,loading_excursion,96.0,168.0,N019,PARTIAL,N001,-18.1,-14.68,11.0,1.25,0.0,0.0,131.43,36.57,0,2.0,3.0,3.0,2.0,2.0,0,12.0,POOR,72.3,PROCESS_EXPORT_CANDIDATE,N019,RSL 36.6 h; sensory 12/16; gaps 0,YES
PGB-LMR-0589,lemuru,Sardinella lemuru,793.0,processed,warm_auction_delay,96.0,168.0,N020,COMPLETE,N001,-18.1,-14.6,14.0,1.5,0.25,0.0,132.35,35.65,0,2.0,3.0,3.0,2.0,2.0,0,12.0,POOR,76.1,PROCESS_EXPORT_CANDIDATE,N020,RSL 35.7 h; sensory 12/16; gaps 0,YES
PGB-LMR-0590,lemuru,Sardinella lemuru,930.0,whole_fresh,reice_recovery,96.0,168.0,N005,COMPLETE,N001,0.89,2.87,22.76,6.75,4.0,2.75,178.83,0.0,0,3.0,3.0,3.0,3.0,3.0,0,15.0,POOR,92.8,PROCESS_IMMEDIATELY,N005,RSL 0 h; sensory 15/16; gaps 0,YES
PGB-LMR-0591,lemuru,Sardinella lemuru,1067.0,whole_fresh,logger_gap,96.0,168.0,N006,COMPLETE,N001,1.49,1.86,12.0,1.5,0.0,0.0,159.35,8.65,12,3.0,3.0,3.0,3.0,3.0,0,15.0,POOR,90.5,MANUAL_INSPECTION,N006,RSL 8.7 h; sensory 15/16; gaps 12,YES
PGB-LMR-0592,lemuru,Sardinella lemuru,1204.0,whole_fresh,freezer_transfer,96.0,168.0,N007,COMPLETE,N001,1.49,1.74,7.0,0.75,0.0,0.0,161.94,6.06,0,3.0,3.0,3.0,3.0,3.0,0,15.0,POOR,87.6,PROCESS_IMMEDIATELY,N007,RSL 6.1 h; sensory 15/16; gaps 0,YES
PGB-LMR-0593,lemuru,Sardinella lemuru,1341.0,whole_fresh,controlled_ice,96.0,168.0,N008,COMPLETE,N001,1.09,1.42,10.0,1.25,0.0,0.0,158.46,9.54,0,3.0,3.0,3.0,3.0,3.0,0,15.0,POOR,85.5,PROCESS_IMMEDIATELY,N008,RSL 9.5 h; sensory 15/16; gaps 0,YES
PGB-LMR-0594,lemuru,Sardinella lemuru,1478.0,whole_fresh,delayed_chilling_2h,96.0,168.0,N002,PARTIAL,N001,1.09,2.31,22.03,3.75,2.5,1.75,170.85,0.0,0,3.0,3.0,3.0,3.0,3.0,0,15.0,POOR,91.3,PROCESS_IMMEDIATELY,N002,RSL 0 h; sensory 15/16; gaps 0,YES
PGB-LMR-0595,lemuru,Sardinella lemuru,1615.0,whole_fresh,melted_ice,96.0,168.0,N004,COMPLETE,N001,1.09,6.12,11.1,29.0,14.5,0.0,227.78,0.0,0,3.0,3.0,3.0,3.0,3.0,0,15.0,POOR,92.3,PROCESS_IMMEDIATELY,N004,RSL 0 h; sensory 15/16; gaps 0,YES
PGB-LMR-0596,lemuru,Sardinella lemuru,1752.0,whole_fresh,loading_excursion,96.0,168.0,N005,COMPLETE,N001,1.09,2.24,18.36,5.0,1.75,0.75,170.59,0.0,0,3.0,3.0,3.0,3.0,3.0,0,15.0,POOR,90.8,PROCESS_IMMEDIATELY,N005,RSL 0 h; sensory 15/16; gaps 0,YES
PGB-LMR-0597,lemuru,Sardinella lemuru,1889.0,frozen,warm_auction_delay,96.0,168.0,N018,COMPLETE,N001,-18.1,-14.6,14.0,1.5,0.25,0.0,132.35,35.65,0,2.0,3.0,3.0,2.0,2.0,0,12.0,POOR,76.1,PROCESS_EXPORT_CANDIDATE,N018,RSL 35.7 h; sensory 12/16; gaps 0,YES
PGB-LMR-0598,lemuru,Sardinella lemuru,206.0,frozen,reice_recovery,96.0,168.0,N019,COMPLETE,N001,-18.1,-14.74,9.0,1.0,0.0,0.0,130.87,37.13,0,2.0,3.0,3.0,2.0,2.0,0,12.0,POOR,74.1,PROCESS_EXPORT_CANDIDATE,N019,RSL 37.1 h; sensory 12/16; gaps 0,YES
PGB-LMR-0599,lemuru,Sardinella lemuru,343.0,processed,logger_gap,96.0,168.0,N020,COMPLETE,N001,-18.1,-14.66,12.0,1.25,0.0,0.0,129.79,38.21,12,2.0,3.0,3.0,2.0,2.0,0,12.0,POOR,74.2,PROCESS_EXPORT_CANDIDATE,N020,RSL 38.2 h; sensory 12/16; gaps 12,YES
PGB-LMR-0600,lemuru,Sardinella lemuru,480.0,whole_fresh,freezer_transfer,96.0,168.0,N002,PARTIAL,N001,1.49,1.73,7.0,0.75,0.0,0.0,161.87,6.13,0,3.0,3.0,3.0,3.0,3.0,0,15.0,POOR,87.6,PROCESS_IMMEDIATELY,N002,RSL 6.1 h; sensory 15/16; gaps 0,YES